DateTime, Sensor, Temperature (Celcius), Relative Humidity (%)
2017-10-08 00:00:14 +0800, HTU21D, 29.639252, 100.028831
2017-10-08 00:00:44 +0800, HTU21D, 29.632816, 100.146896
2017-10-08 00:01:15 +0800, HTU21D, 29.626379, 100.216110
2017-10-08 00:01:45 +0800, HTU21D, 29.645685, 100.093895
2017-10-08 00:02:16 +0800, HTU21D, 29.647833, 100.027077
2017-10-08 00:02:46 +0800, HTU21D, 29.634960, 100.109062
2017-10-08 00:03:17 +0800, HTU21D, 29.634960, 100.067863
2017-10-08 00:03:47 +0800, HTU21D, 29.626379, 100.110825
2017-10-08 00:04:17 +0800, HTU21D, 29.604931, 100.290710
2017-10-08 00:04:48 +0800, HTU21D, 29.600641, 100.303795
2017-10-08 00:05:18 +0800, HTU21D, 29.649975, 100.093002
2017-10-08 00:05:49 +0800, HTU21D, 29.669281, 99.824295
2017-10-08 00:06:19 +0800, HTU21D, 29.692877, 99.699661
2017-10-08 00:06:50 +0800, HTU21D, 29.725052, 99.474075
2017-10-08 00:07:20 +0800, HTU21D, 29.735775, 99.368881
2017-10-08 00:07:50 +0800, HTU21D, 29.737921, 99.387497
2017-10-08 00:08:21 +0800, HTU21D, 29.757227, 99.233231
2017-10-08 00:08:51 +0800, HTU21D, 29.767954, 99.178391
2017-10-08 00:09:22 +0800, HTU21D, 29.767954, 99.141769
2017-10-08 00:09:52 +0800, HTU21D, 29.740067, 99.268814
2017-10-08 00:10:23 +0800, HTU21D, 29.707891, 99.416573
2017-10-08 00:10:53 +0800, HTU21D, 29.675716, 99.628418
2017-10-08 00:11:23 +0800, HTU21D, 29.697168, 99.604172
2017-10-08 00:11:54 +0800, HTU21D, 29.697168, 99.607224
2017-10-08 00:12:24 +0800, HTU21D, 29.720764, 99.398666
2017-10-08 00:12:55 +0800, HTU21D, 29.716473, 99.439224
2017-10-08 00:13:25 +0800, HTU21D, 29.727198, 99.407257
2017-10-08 00:13:56 +0800, HTU21D, 29.731487, 99.351440
2017-10-08 00:14:26 +0800, HTU21D, 29.720764, 99.383408
2017-10-08 00:14:56 +0800, HTU21D, 29.718618, 99.343407
2017-10-08 00:15:27 +0800, HTU21D, 29.731487, 99.265999
2017-10-08 00:15:57 +0800, HTU21D, 29.729343, 99.271774
2017-10-08 00:16:28 +0800, HTU21D, 29.755081, 99.150513
2017-10-08 00:16:58 +0800, HTU21D, 29.737925, 99.102158
2017-10-08 00:17:29 +0800, HTU21D, 29.710041, 99.352806
2017-10-08 00:17:59 +0800, HTU21D, 29.664993, 99.507797
2017-10-08 00:18:29 +0800, HTU21D, 29.630671, 99.827667
2017-10-08 00:19:00 +0800, HTU21D, 29.624233, 99.874001
2017-10-08 00:19:30 +0800, HTU21D, 29.624233, 99.805336
2017-10-08 00:20:01 +0800, HTU21D, 29.613510, 99.966995
2017-10-08 00:20:31 +0800, HTU21D, 29.617802, 99.961533
2017-10-08 00:21:02 +0800, HTU21D, 29.634960, 99.866440
2017-10-08 00:21:32 +0800, HTU21D, 29.643543, 99.727356
2017-10-08 00:22:03 +0800, HTU21D, 29.649975, 99.655075
2017-10-08 00:22:33 +0800, HTU21D, 29.649975, 99.691696
2017-10-08 00:23:03 +0800, HTU21D, 29.649975, 99.699326
2017-10-08 00:23:34 +0800, HTU21D, 29.664993, 99.642075
2017-10-08 00:24:04 +0800, HTU21D, 29.671429, 99.485878
2017-10-08 00:24:35 +0800, HTU21D, 29.677862, 99.515823
2017-10-08 00:25:05 +0800, HTU21D, 29.692877, 99.452469
2017-10-08 00:25:36 +0800, HTU21D, 29.714329, 99.301559
2017-10-08 00:26:06 +0800, HTU21D, 29.705750, 99.314018
2017-10-08 00:26:36 +0800, HTU21D, 29.703602, 99.380836
2017-10-08 00:27:07 +0800, HTU21D, 29.710037, 99.213951
2017-10-08 00:27:37 +0800, HTU21D, 29.714329, 99.281731
2017-10-08 00:28:08 +0800, HTU21D, 29.750793, 99.056793
2017-10-08 00:28:38 +0800, HTU21D, 29.770100, 98.957458
2017-10-08 00:29:09 +0800, HTU21D, 29.793692, 98.770264
2017-10-08 00:29:39 +0800, HTU21D, 29.789404, 98.795570
2017-10-08 00:30:10 +0800, HTU21D, 29.791550, 98.785202
2017-10-08 00:30:40 +0800, HTU21D, 29.785114, 98.810173
2017-10-08 00:31:10 +0800, HTU21D, 29.748648, 98.885574
2017-10-08 00:31:41 +0800, HTU21D, 29.722906, 99.243347
2017-10-08 00:32:11 +0800, HTU21D, 29.748648, 98.996964
2017-10-08 00:32:42 +0800, HTU21D, 29.722910, 99.171631
2017-10-08 00:33:12 +0800, HTU21D, 29.690731, 99.340752
2017-10-08 00:33:43 +0800, HTU21D, 29.675716, 99.485001
2017-10-08 00:34:13 +0800, HTU21D, 29.662848, 99.565453
2017-10-08 00:34:43 +0800, HTU21D, 29.647833, 99.697487
2017-10-08 00:35:14 +0800, HTU21D, 29.669281, 99.642715
2017-10-08 00:35:44 +0800, HTU21D, 29.707891, 99.413521
2017-10-08 00:36:15 +0800, HTU21D, 29.761517, 99.055351
2017-10-08 00:36:45 +0800, HTU21D, 29.759375, 99.004669
2017-10-08 00:37:16 +0800, HTU21D, 29.742212, 99.171471
2017-10-08 00:37:46 +0800, HTU21D, 29.765808, 99.068199
2017-10-08 00:38:16 +0800, HTU21D, 29.761517, 99.055351
2017-10-08 00:38:47 +0800, HTU21D, 29.761517, 99.017197
2017-10-08 00:39:17 +0800, HTU21D, 29.750793, 99.137672
2017-10-08 00:39:48 +0800, HTU21D, 29.718618, 99.268646
2017-10-08 00:40:18 +0800, HTU21D, 29.699314, 99.348145
2017-10-08 00:40:49 +0800, HTU21D, 29.671429, 99.639992
2017-10-08 00:41:19 +0800, HTU21D, 29.667139, 99.668335
2017-10-08 00:41:50 +0800, HTU21D, 29.669281, 99.854813
2017-10-08 00:42:20 +0800, HTU21D, 29.680004, 99.748077
2017-10-08 00:42:50 +0800, HTU21D, 29.673573, 99.745590
2017-10-08 00:43:21 +0800, HTU21D, 29.684299, 99.701424
2017-10-08 00:43:51 +0800, HTU21D, 29.701458, 99.580406
2017-10-08 00:44:22 +0800, HTU21D, 29.701458, 99.621597
2017-10-08 00:44:52 +0800, HTU21D, 29.688587, 99.676125
2017-10-08 00:45:23 +0800, HTU21D, 29.680008, 99.755714
2017-10-08 00:45:53 +0800, HTU21D, 29.695023, 99.728973
2017-10-08 00:46:23 +0800, HTU21D, 29.714329, 99.538071
2017-10-08 00:46:54 +0800, HTU21D, 29.705746, 99.576469
2017-10-08 00:47:24 +0800, HTU21D, 29.707891, 99.508125
2017-10-08 00:47:55 +0800, HTU21D, 29.733633, 99.373131
2017-10-08 00:48:25 +0800, HTU21D, 29.770100, 99.459473
2017-10-08 00:48:56 +0800, HTU21D, 29.791546, 99.282639
2017-10-08 00:49:26 +0800, HTU21D, 29.858042, 98.804329
2017-10-08 00:49:57 +0800, HTU21D, 29.883785, 98.643394
2017-10-08 00:50:27 +0800, HTU21D, 29.909521, 98.454994
2017-10-08 00:50:57 +0800, HTU21D, 29.907379, 98.520279
2017-10-08 00:51:28 +0800, HTU21D, 29.858044, 98.903519
2017-10-08 00:51:58 +0800, HTU21D, 29.815144, 99.145798
2017-10-08 00:52:29 +0800, HTU21D, 29.791546, 99.323837
2017-10-08 00:52:59 +0800, HTU21D, 29.765808, 99.432892
2017-10-08 00:53:30 +0800, HTU21D, 29.825871, 99.016182
2017-10-08 00:54:00 +0800, HTU21D, 29.823725, 98.967026
2017-10-08 00:54:31 +0800, HTU21D, 29.761517, 99.409355
2017-10-08 00:55:01 +0800, HTU21D, 29.735775, 99.542824
2017-10-08 00:55:31 +0800, HTU21D, 29.767950, 99.320297
2017-10-08 00:56:02 +0800, HTU21D, 29.808706, 98.984604
2017-10-08 00:56:32 +0800, HTU21D, 29.812998, 98.966942
2017-10-08 00:57:03 +0800, HTU21D, 29.761517, 99.267448
2017-10-08 00:57:33 +0800, HTU21D, 29.742212, 99.366783
2017-10-08 00:58:04 +0800, HTU21D, 29.791550, 99.006454
2017-10-08 00:58:34 +0800, HTU21D, 29.806564, 98.903419
2017-10-08 00:59:04 +0800, HTU21D, 29.776531, 99.042343
2017-10-08 00:59:35 +0800, HTU21D, 29.795837, 98.958267
2017-10-08 01:00:05 +0800, HTU21D, 29.819433, 98.731400
2017-10-08 01:00:36 +0800, HTU21D, 29.830158, 98.668922
2017-10-08 01:01:06 +0800, HTU21D, 29.817287, 98.720390
2017-10-08 01:01:37 +0800, HTU21D, 29.845173, 98.512489
2017-10-08 01:02:07 +0800, HTU21D, 29.821579, 98.614227
2017-10-08 01:02:38 +0800, HTU21D, 29.821579, 98.649323
2017-10-08 01:03:08 +0800, HTU21D, 29.789402, 98.775726
2017-10-08 01:03:38 +0800, HTU21D, 29.761517, 98.937859
2017-10-08 01:04:09 +0800, HTU21D, 29.817287, 98.621216
2017-10-08 01:04:39 +0800, HTU21D, 29.815144, 98.584274
2017-10-08 01:05:10 +0800, HTU21D, 29.845173, 98.375160
2017-10-08 01:05:40 +0800, HTU21D, 29.853750, 98.307777
2017-10-08 01:06:11 +0800, HTU21D, 29.830158, 98.380531
2017-10-08 01:06:41 +0800, HTU21D, 29.772242, 98.683121
2017-10-08 01:07:11 +0800, HTU21D, 29.761517, 98.789848
2017-10-08 01:07:42 +0800, HTU21D, 29.804419, 98.500267
2017-10-08 01:08:12 +0800, HTU21D, 29.819433, 98.417068
2017-10-08 01:08:43 +0800, HTU21D, 29.776531, 98.593735
2017-10-08 01:09:13 +0800, HTU21D, 29.772242, 98.649551
2017-10-08 01:09:44 +0800, HTU21D, 29.778677, 98.577278
2017-10-08 01:10:14 +0800, HTU21D, 29.804417, 98.423965
2017-10-08 01:10:44 +0800, HTU21D, 29.821579, 98.278534
2017-10-08 01:11:15 +0800, HTU21D, 29.821575, 98.209877
2017-10-08 01:11:45 +0800, HTU21D, 29.774387, 98.520172
2017-10-08 01:12:16 +0800, HTU21D, 29.782969, 98.461960
2017-10-08 01:12:46 +0800, HTU21D, 29.836590, 98.140404
2017-10-08 01:13:17 +0800, HTU21D, 29.834448, 98.138550
2017-10-08 01:13:47 +0800, HTU21D, 29.795837, 98.387589
2017-10-08 01:14:18 +0800, HTU21D, 29.797983, 98.337563
2017-10-08 01:14:48 +0800, HTU21D, 29.782969, 98.455849
2017-10-08 01:15:18 +0800, HTU21D, 29.742212, 98.686241
2017-10-08 01:15:49 +0800, HTU21D, 29.729343, 98.794174
2017-10-08 01:16:19 +0800, HTU21D, 29.727198, 98.813698
2017-10-08 01:16:50 +0800, HTU21D, 29.684299, 99.107857
2017-10-08 01:17:20 +0800, HTU21D, 29.705750, 98.984428
2017-10-08 01:17:51 +0800, HTU21D, 29.735779, 98.828712
2017-10-08 01:18:21 +0800, HTU21D, 29.750790, 98.737892
2017-10-08 01:18:51 +0800, HTU21D, 29.765808, 98.676048
2017-10-08 01:19:22 +0800, HTU21D, 29.750793, 98.725670
2017-10-08 01:19:52 +0800, HTU21D, 29.740070, 98.885811
2017-10-08 01:20:23 +0800, HTU21D, 29.772242, 98.646500
2017-10-08 01:20:53 +0800, HTU21D, 29.789402, 98.527016
2017-10-08 01:21:24 +0800, HTU21D, 29.761517, 98.737961
2017-10-08 01:21:54 +0800, HTU21D, 29.720764, 98.943954
2017-10-08 01:22:24 +0800, HTU21D, 29.763662, 98.735245
2017-10-08 01:22:55 +0800, HTU21D, 29.767954, 98.737411
2017-10-08 01:23:25 +0800, HTU21D, 29.718618, 99.091637
2017-10-08 01:23:56 +0800, HTU21D, 29.675716, 99.466675
2017-10-08 01:24:26 +0800, HTU21D, 29.697168, 99.221176
2017-10-08 01:24:57 +0800, HTU21D, 29.703602, 99.232826
2017-10-08 01:25:27 +0800, HTU21D, 29.744358, 98.997849
2017-10-08 01:25:58 +0800, HTU21D, 29.815144, 98.532394
2017-10-08 01:26:28 +0800, HTU21D, 29.806561, 98.589088
2017-10-08 01:26:58 +0800, HTU21D, 29.778677, 98.833626
2017-10-08 01:27:29 +0800, HTU21D, 29.780823, 98.788170
2017-10-08 01:27:59 +0800, HTU21D, 29.789404, 98.749794
2017-10-08 01:28:30 +0800, HTU21D, 29.744358, 99.071091
2017-10-08 01:29:00 +0800, HTU21D, 29.718618, 99.286957
2017-10-08 01:29:31 +0800, HTU21D, 29.765808, 98.969017
2017-10-08 01:30:01 +0800, HTU21D, 29.767950, 98.918991
2017-10-08 01:30:31 +0800, HTU21D, 29.767954, 99.005966
2017-10-08 01:31:02 +0800, HTU21D, 29.765808, 99.022423
2017-10-08 01:31:32 +0800, HTU21D, 29.750793, 99.149864
2017-10-08 01:32:03 +0800, HTU21D, 29.744358, 99.225197
2017-10-08 01:32:33 +0800, HTU21D, 29.746502, 99.249939
2017-10-08 01:33:04 +0800, HTU21D, 29.746502, 99.251465
2017-10-08 01:33:34 +0800, HTU21D, 29.680004, 99.767921
2017-10-08 01:34:04 +0800, HTU21D, 29.654266, 99.884605
2017-10-08 01:34:35 +0800, HTU21D, 29.677862, 99.734032
2017-10-08 01:35:05 +0800, HTU21D, 29.692877, 99.682877
2017-10-08 01:35:36 +0800, HTU21D, 29.718618, 99.465485
2017-10-08 01:36:06 +0800, HTU21D, 29.718618, 99.508209
2017-10-08 01:36:37 +0800, HTU21D, 29.662848, 99.862999
2017-10-08 01:37:07 +0800, HTU21D, 29.637106, 100.013260
2017-10-08 01:37:38 +0800, HTU21D, 29.641397, 99.995590
2017-10-08 01:38:08 +0800, HTU21D, 29.664993, 99.849594
2017-10-08 01:38:38 +0800, HTU21D, 29.667139, 99.833130
2017-10-08 01:39:09 +0800, HTU21D, 29.619946, 100.114441
2017-10-08 01:39:39 +0800, HTU21D, 29.639252, 99.969322
2017-10-08 01:40:10 +0800, HTU21D, 29.637104, 99.991898
2017-10-08 01:40:40 +0800, HTU21D, 29.662848, 99.936241
2017-10-08 01:41:11 +0800, HTU21D, 29.677862, 99.862198
2017-10-08 01:41:41 +0800, HTU21D, 29.656412, 99.968849
2017-10-08 01:42:11 +0800, HTU21D, 29.652121, 100.053650
2017-10-08 01:42:42 +0800, HTU21D, 29.680008, 99.784706
2017-10-08 01:43:12 +0800, HTU21D, 29.705750, 99.617668
2017-10-08 01:43:43 +0800, HTU21D, 29.688587, 99.715797
2017-10-08 01:44:13 +0800, HTU21D, 29.675716, 99.828308
2017-10-08 01:44:44 +0800, HTU21D, 29.671427, 99.832237
2017-10-08 01:45:14 +0800, HTU21D, 29.712185, 99.591171
2017-10-08 01:45:45 +0800, HTU21D, 29.718616, 99.540245
2017-10-08 01:46:15 +0800, HTU21D, 29.720764, 99.542099
2017-10-08 01:46:45 +0800, HTU21D, 29.746502, 99.362854
2017-10-08 01:47:16 +0800, HTU21D, 29.742212, 99.397301
2017-10-08 01:47:46 +0800, HTU21D, 29.733633, 99.565384
2017-10-08 01:48:17 +0800, HTU21D, 29.712183, 99.739174
2017-10-08 01:48:47 +0800, HTU21D, 29.686441, 99.883324
2017-10-08 01:49:18 +0800, HTU21D, 29.639252, 100.193626
2017-10-08 01:49:48 +0800, HTU21D, 29.637106, 100.187210
2017-10-08 01:50:18 +0800, HTU21D, 29.592060, 100.502403
2017-10-08 01:50:49 +0800, HTU21D, 29.523418, 101.076523
2017-10-08 01:51:19 +0800, HTU21D, 29.532001, 100.926750
2017-10-08 01:51:50 +0800, HTU21D, 29.555593, 100.785324
2017-10-08 01:52:20 +0800, HTU21D, 29.587772, 100.581100
2017-10-08 01:52:51 +0800, HTU21D, 29.602787, 100.464340
2017-10-08 01:53:21 +0800, HTU21D, 29.594204, 100.540878
2017-10-08 01:53:52 +0800, HTU21D, 29.570612, 100.653305
2017-10-08 01:54:22 +0800, HTU21D, 29.574902, 100.643265
2017-10-08 01:54:52 +0800, HTU21D, 29.542725, 100.891739
2017-10-08 01:55:23 +0800, HTU21D, 29.525564, 101.011230
2017-10-08 01:55:53 +0800, HTU21D, 29.523418, 101.053635
2017-10-08 01:56:24 +0800, HTU21D, 29.538437, 100.900253
2017-10-08 01:56:54 +0800, HTU21D, 29.527710, 100.913895
2017-10-08 01:57:25 +0800, HTU21D, 29.510550, 101.063911
2017-10-08 01:57:55 +0800, HTU21D, 29.534143, 100.937759
2017-10-08 01:58:25 +0800, HTU21D, 29.525568, 100.915108
2017-10-08 01:58:56 +0800, HTU21D, 29.527710, 100.913902
2017-10-08 01:59:26 +0800, HTU21D, 29.534145, 100.812637
2017-10-08 01:59:57 +0800, HTU21D, 29.486958, 100.953560
2017-10-08 02:00:27 +0800, HTU21D, 29.452633, 101.213913
2017-10-08 02:00:58 +0800, HTU21D, 29.452637, 101.268845
2017-10-08 02:01:28 +0800, HTU21D, 29.433331, 101.331558
2017-10-08 02:01:59 +0800, HTU21D, 29.471943, 101.065750
2017-10-08 02:02:29 +0800, HTU21D, 29.467651, 101.039169
2017-10-08 02:02:59 +0800, HTU21D, 29.444056, 101.139389
2017-10-08 02:03:30 +0800, HTU21D, 29.467651, 101.008652
2017-10-08 02:04:00 +0800, HTU21D, 29.471943, 100.833817
2017-10-08 02:04:31 +0800, HTU21D, 29.478374, 100.840889
2017-10-08 02:05:01 +0800, HTU21D, 29.508404, 100.647026
2017-10-08 02:05:32 +0800, HTU21D, 29.521276, 100.526894
2017-10-08 02:06:02 +0800, HTU21D, 29.493389, 100.685966
2017-10-08 02:06:32 +0800, HTU21D, 29.463360, 100.815742
2017-10-08 02:07:03 +0800, HTU21D, 29.456924, 100.834610
2017-10-08 02:07:33 +0800, HTU21D, 29.407589, 100.993538
2017-10-08 02:08:04 +0800, HTU21D, 29.429041, 101.033371
2017-10-08 02:08:34 +0800, HTU21D, 29.452637, 100.830917
2017-10-08 02:09:05 +0800, HTU21D, 29.459070, 100.807465
2017-10-08 02:09:35 +0800, HTU21D, 29.489100, 100.570885
2017-10-08 02:10:06 +0800, HTU21D, 29.471939, 100.594254
2017-10-08 02:10:36 +0800, HTU21D, 29.431187, 100.850594
2017-10-08 02:11:06 +0800, HTU21D, 29.478374, 100.616585
2017-10-08 02:11:37 +0800, HTU21D, 29.493389, 100.483025
2017-10-08 02:12:07 +0800, HTU21D, 29.508404, 100.328110
2017-10-08 02:12:38 +0800, HTU21D, 29.486954, 100.456123
2017-10-08 02:13:08 +0800, HTU21D, 29.444056, 100.741135
2017-10-08 02:13:39 +0800, HTU21D, 29.424749, 100.893875
2017-10-08 02:14:09 +0800, HTU21D, 29.452637, 100.754631
2017-10-08 02:14:39 +0800, HTU21D, 29.521276, 100.249176
2017-10-08 02:15:10 +0800, HTU21D, 29.540583, 100.152893
2017-10-08 02:15:40 +0800, HTU21D, 29.540579, 100.110168
2017-10-08 02:16:11 +0800, HTU21D, 29.579189, 99.908432
2017-10-08 02:16:41 +0800, HTU21D, 29.583481, 99.887718
2017-10-08 02:17:12 +0800, HTU21D, 29.577045, 99.930992
2017-10-08 02:17:42 +0800, HTU21D, 29.579189, 99.917587
2017-10-08 02:18:13 +0800, HTU21D, 29.598495, 99.786209
2017-10-08 02:18:43 +0800, HTU21D, 29.649975, 99.468918
2017-10-08 02:19:13 +0800, HTU21D, 29.645687, 99.495743
2017-10-08 02:19:44 +0800, HTU21D, 29.622089, 99.678360
2017-10-08 02:20:14 +0800, HTU21D, 29.613510, 99.689278
2017-10-08 02:20:45 +0800, HTU21D, 29.615656, 99.712486
2017-10-08 02:21:15 +0800, HTU21D, 29.615656, 99.744537
2017-10-08 02:21:46 +0800, HTU21D, 29.611364, 99.838486
2017-10-08 02:22:16 +0800, HTU21D, 29.566320, 100.095718
2017-10-08 02:22:47 +0800, HTU21D, 29.570608, 100.061264
2017-10-08 02:23:17 +0800, HTU21D, 29.604931, 99.767334
2017-10-08 02:23:47 +0800, HTU21D, 29.617802, 99.747910
2017-10-08 02:24:18 +0800, HTU21D, 29.639252, 99.606171
2017-10-08 02:24:48 +0800, HTU21D, 29.656412, 99.552292
2017-10-08 02:25:19 +0800, HTU21D, 29.581335, 100.023209
2017-10-08 02:25:49 +0800, HTU21D, 29.581335, 100.026245
2017-10-08 02:26:20 +0800, HTU21D, 29.613514, 99.776260
2017-10-08 02:26:50 +0800, HTU21D, 29.654266, 99.590111
2017-10-08 02:27:20 +0800, HTU21D, 29.669281, 99.558792
2017-10-08 02:27:51 +0800, HTU21D, 29.703604, 99.260292
2017-10-08 02:28:21 +0800, HTU21D, 29.671427, 99.397362
2017-10-08 02:28:52 +0800, HTU21D, 29.656412, 99.475990
2017-10-08 02:29:22 +0800, HTU21D, 29.677862, 99.389183
2017-10-08 02:29:53 +0800, HTU21D, 29.673573, 99.390060
2017-10-08 02:30:23 +0800, HTU21D, 29.645685, 99.511002
2017-10-08 02:30:53 +0800, HTU21D, 29.641394, 99.565292
2017-10-08 02:31:24 +0800, HTU21D, 29.658558, 99.474785
2017-10-08 02:31:54 +0800, HTU21D, 29.656412, 99.501930
2017-10-08 02:32:25 +0800, HTU21D, 29.628525, 99.635078
2017-10-08 02:32:55 +0800, HTU21D, 29.632816, 99.631149
2017-10-08 02:33:26 +0800, HTU21D, 29.647831, 99.570839
2017-10-08 02:33:56 +0800, HTU21D, 29.622091, 99.705826
2017-10-08 02:34:27 +0800, HTU21D, 29.589914, 99.832230
2017-10-08 02:34:57 +0800, HTU21D, 29.564175, 100.049614
2017-10-08 02:35:27 +0800, HTU21D, 29.549160, 100.196899
2017-10-08 02:35:58 +0800, HTU21D, 29.568466, 100.102142
2017-10-08 02:36:28 +0800, HTU21D, 29.564175, 100.077087
2017-10-08 02:36:59 +0800, HTU21D, 29.615656, 99.768944
2017-10-08 02:37:29 +0800, HTU21D, 29.675716, 99.428528
2017-10-08 02:38:00 +0800, HTU21D, 29.705750, 99.188896
2017-10-08 02:38:30 +0800, HTU21D, 29.755081, 98.831604
2017-10-08 02:39:00 +0800, HTU21D, 29.746502, 98.912720
2017-10-08 02:39:31 +0800, HTU21D, 29.716473, 99.137100
2017-10-08 02:40:01 +0800, HTU21D, 29.697168, 99.237961
2017-10-08 02:40:32 +0800, HTU21D, 29.729343, 98.987961
2017-10-08 02:41:02 +0800, HTU21D, 29.759373, 98.845985
2017-10-08 02:41:33 +0800, HTU21D, 29.767954, 98.787766
2017-10-08 02:42:03 +0800, HTU21D, 29.765808, 98.737083
2017-10-08 02:42:34 +0800, HTU21D, 29.731487, 98.905884
2017-10-08 02:43:04 +0800, HTU21D, 29.752939, 98.854172
2017-10-08 02:43:34 +0800, HTU21D, 29.731487, 99.008125
2017-10-08 02:44:05 +0800, HTU21D, 29.727198, 99.007484
2017-10-08 02:44:35 +0800, HTU21D, 29.735779, 98.973671
2017-10-08 02:45:06 +0800, HTU21D, 29.752935, 98.814499
2017-10-08 02:45:36 +0800, HTU21D, 29.752935, 98.811447
2017-10-08 02:46:07 +0800, HTU21D, 29.759373, 98.836830
2017-10-08 02:46:37 +0800, HTU21D, 29.748648, 98.940506
2017-10-08 02:47:08 +0800, HTU21D, 29.722910, 99.112114
2017-10-08 02:47:38 +0800, HTU21D, 29.701458, 99.198936
2017-10-08 02:48:08 +0800, HTU21D, 29.701458, 99.221817
2017-10-08 02:48:39 +0800, HTU21D, 29.705750, 99.135483
2017-10-08 02:49:09 +0800, HTU21D, 29.735779, 98.940102
2017-10-08 02:49:40 +0800, HTU21D, 29.746502, 98.905090
2017-10-08 02:50:10 +0800, HTU21D, 29.703604, 99.147369
2017-10-08 02:50:41 +0800, HTU21D, 29.695023, 99.243744
2017-10-08 02:51:11 +0800, HTU21D, 29.705746, 99.181267
2017-10-08 02:51:41 +0800, HTU21D, 29.684299, 99.232979
2017-10-08 02:52:12 +0800, HTU21D, 29.697168, 99.199814
2017-10-08 02:52:42 +0800, HTU21D, 29.688587, 99.232101
2017-10-08 02:53:13 +0800, HTU21D, 29.686443, 99.248558
2017-10-08 02:53:43 +0800, HTU21D, 29.690731, 99.255302
2017-10-08 02:54:14 +0800, HTU21D, 29.669285, 99.384842
2017-10-08 02:54:44 +0800, HTU21D, 29.699314, 99.186401
2017-10-08 02:55:14 +0800, HTU21D, 29.677862, 99.337303
2017-10-08 02:55:45 +0800, HTU21D, 29.662848, 99.400658
2017-10-08 02:56:15 +0800, HTU21D, 29.664993, 99.355202
2017-10-08 02:56:46 +0800, HTU21D, 29.669285, 99.331436
2017-10-08 02:57:16 +0800, HTU21D, 29.677862, 99.257950
2017-10-08 02:57:47 +0800, HTU21D, 29.652121, 99.432632
2017-10-08 02:58:17 +0800, HTU21D, 29.673573, 99.287827
2017-10-08 02:58:47 +0800, HTU21D, 29.673573, 99.245102
2017-10-08 02:59:18 +0800, HTU21D, 29.699314, 99.197083
2017-10-08 02:59:48 +0800, HTU21D, 29.703604, 99.087868
2017-10-08 03:00:19 +0800, HTU21D, 29.727198, 98.928139
2017-10-08 03:00:49 +0800, HTU21D, 29.750793, 98.800446
2017-10-08 03:01:20 +0800, HTU21D, 29.680004, 99.250641
2017-10-08 03:01:50 +0800, HTU21D, 29.664993, 99.323166
2017-10-08 03:02:20 +0800, HTU21D, 29.645685, 99.494225
2017-10-08 03:02:51 +0800, HTU21D, 29.673573, 99.306137
2017-10-08 03:03:21 +0800, HTU21D, 29.671427, 99.304283
2017-10-08 03:03:52 +0800, HTU21D, 29.697168, 99.120468
2017-10-08 03:04:22 +0800, HTU21D, 29.692877, 99.182388
2017-10-08 03:04:53 +0800, HTU21D, 29.695023, 99.162872
2017-10-08 03:05:23 +0800, HTU21D, 29.658558, 99.326782
2017-10-08 03:05:53 +0800, HTU21D, 29.615656, 99.622459
2017-10-08 03:06:24 +0800, HTU21D, 29.585623, 99.799538
2017-10-08 03:06:54 +0800, HTU21D, 29.587772, 99.783073
2017-10-08 03:07:25 +0800, HTU21D, 29.607077, 99.674576
2017-10-08 03:07:55 +0800, HTU21D, 29.604931, 99.745979
2017-10-08 03:08:26 +0800, HTU21D, 29.594204, 99.710800
2017-10-08 03:08:56 +0800, HTU21D, 29.617802, 99.610580
2017-10-08 03:09:27 +0800, HTU21D, 29.630671, 99.560631
2017-10-08 03:09:57 +0800, HTU21D, 29.641397, 99.464584
2017-10-08 03:10:27 +0800, HTU21D, 29.630671, 99.501122
2017-10-08 03:10:58 +0800, HTU21D, 29.643543, 99.382507
2017-10-08 03:11:28 +0800, HTU21D, 29.667135, 99.251770
2017-10-08 03:11:59 +0800, HTU21D, 29.656412, 99.303566
2017-10-08 03:12:29 +0800, HTU21D, 29.652124, 99.370056
2017-10-08 03:13:00 +0800, HTU21D, 29.641394, 99.460007
2017-10-08 03:13:30 +0800, HTU21D, 29.643543, 99.525940
2017-10-08 03:14:00 +0800, HTU21D, 29.671429, 99.289024
2017-10-08 03:14:31 +0800, HTU21D, 29.660702, 99.288956
2017-10-08 03:15:01 +0800, HTU21D, 29.660702, 99.353043
2017-10-08 03:15:32 +0800, HTU21D, 29.647833, 99.409088
2017-10-08 03:16:02 +0800, HTU21D, 29.662848, 99.382347
2017-10-08 03:16:33 +0800, HTU21D, 29.669285, 99.360428
2017-10-08 03:17:03 +0800, HTU21D, 29.615656, 99.724693
2017-10-08 03:17:34 +0800, HTU21D, 29.617802, 99.720444
2017-10-08 03:18:04 +0800, HTU21D, 29.634960, 99.671143
2017-10-08 03:18:34 +0800, HTU21D, 29.682154, 99.373032
2017-10-08 03:19:05 +0800, HTU21D, 29.662848, 99.493744
2017-10-08 03:19:35 +0800, HTU21D, 29.645687, 99.643753
2017-10-08 03:20:06 +0800, HTU21D, 29.632818, 99.800514
2017-10-08 03:20:36 +0800, HTU21D, 29.658558, 99.682297
2017-10-08 03:21:07 +0800, HTU21D, 29.669281, 99.650345
2017-10-08 03:21:37 +0800, HTU21D, 29.652124, 99.772888
2017-10-08 03:22:07 +0800, HTU21D, 29.671427, 99.687279
2017-10-08 03:22:38 +0800, HTU21D, 29.688587, 99.589157
2017-10-08 03:23:08 +0800, HTU21D, 29.673573, 99.770004
2017-10-08 03:23:39 +0800, HTU21D, 29.682154, 99.702629
2017-10-08 03:24:09 +0800, HTU21D, 29.671429, 99.842926
2017-10-08 03:24:40 +0800, HTU21D, 29.641397, 100.082565
2017-10-08 03:25:10 +0800, HTU21D, 29.600641, 100.348061
2017-10-08 03:25:41 +0800, HTU21D, 29.604931, 100.348694
2017-10-08 03:26:11 +0800, HTU21D, 29.615656, 100.336571
2017-10-08 03:26:41 +0800, HTU21D, 29.583477, 100.652184
2017-10-08 03:27:12 +0800, HTU21D, 29.574900, 100.640213
2017-10-08 03:27:42 +0800, HTU21D, 29.564175, 100.760681
2017-10-08 03:28:13 +0800, HTU21D, 29.570612, 100.734177
2017-10-08 03:28:43 +0800, HTU21D, 29.583481, 100.662865
2017-10-08 03:29:14 +0800, HTU21D, 29.568462, 100.834564
2017-10-08 03:29:44 +0800, HTU21D, 29.538437, 101.104713
2017-10-08 03:30:14 +0800, HTU21D, 29.523418, 101.210808
2017-10-08 03:30:45 +0800, HTU21D, 29.508404, 101.423698
2017-10-08 03:31:15 +0800, HTU21D, 29.474085, 101.670319
2017-10-08 03:31:46 +0800, HTU21D, 29.444056, 101.989304
2017-10-08 03:32:16 +0800, HTU21D, 29.448345, 101.938065
2017-10-08 03:32:47 +0800, HTU21D, 29.469793, 101.840576
2017-10-08 03:33:17 +0800, HTU21D, 29.480520, 101.765892
2017-10-08 03:33:48 +0800, HTU21D, 29.489100, 101.677147
2017-10-08 03:34:18 +0800, HTU21D, 29.489100, 101.750389
2017-10-08 03:34:48 +0800, HTU21D, 29.491245, 101.865158
2017-10-08 03:35:19 +0800, HTU21D, 29.491245, 101.753761
2017-10-08 03:35:49 +0800, HTU21D, 29.514841, 101.612343
2017-10-08 03:36:20 +0800, HTU21D, 29.508404, 101.786850
2017-10-08 03:36:50 +0800, HTU21D, 29.519129, 101.608414
2017-10-08 03:37:21 +0800, HTU21D, 29.553448, 101.389259
2017-10-08 03:37:51 +0800, HTU21D, 29.553452, 101.431976
2017-10-08 03:38:21 +0800, HTU21D, 29.544867, 101.484100
2017-10-08 03:38:52 +0800, HTU21D, 29.583481, 101.279312
2017-10-08 03:39:22 +0800, HTU21D, 29.615656, 101.091881
2017-10-08 03:39:53 +0800, HTU21D, 29.587769, 101.426453
2017-10-08 03:40:23 +0800, HTU21D, 29.523422, 101.818100
2017-10-08 03:40:54 +0800, HTU21D, 29.452637, 102.443771
2017-10-08 03:41:24 +0800, HTU21D, 29.429041, 102.560776
2017-10-08 03:41:55 +0800, HTU21D, 29.435476, 102.419838
2017-10-08 03:42:25 +0800, HTU21D, 29.482662, 102.167519
2017-10-08 03:42:55 +0800, HTU21D, 29.486954, 102.146797
2017-10-08 03:43:26 +0800, HTU21D, 29.525564, 101.824524
2017-10-08 03:43:56 +0800, HTU21D, 29.527710, 101.830956
2017-10-08 03:44:27 +0800, HTU21D, 29.542725, 101.709610
2017-10-08 03:44:57 +0800, HTU21D, 29.572754, 101.502014
2017-10-08 03:45:27 +0800, HTU21D, 29.574900, 101.426041
2017-10-08 03:45:58 +0800, HTU21D, 29.585627, 101.334572
2017-10-08 03:46:28 +0800, HTU21D, 29.592060, 101.337059
2017-10-08 03:46:59 +0800, HTU21D, 29.585627, 101.313217
2017-10-08 03:47:29 +0800, HTU21D, 29.574902, 101.404678
2017-10-08 03:48:00 +0800, HTU21D, 29.555597, 101.508598
2017-10-08 03:48:30 +0800, HTU21D, 29.557739, 101.504349
2017-10-08 03:49:01 +0800, HTU21D, 29.557739, 101.482986
2017-10-08 03:49:31 +0800, HTU21D, 29.577045, 101.391273
2017-10-08 03:50:01 +0800, HTU21D, 29.583481, 101.383072
2017-10-08 03:50:32 +0800, HTU21D, 29.613510, 101.149544
2017-10-08 03:51:02 +0800, HTU21D, 29.581335, 101.338501
2017-10-08 03:51:33 +0800, HTU21D, 29.551306, 101.588821
2017-10-08 03:52:03 +0800, HTU21D, 29.551306, 101.570518
2017-10-08 03:52:34 +0800, HTU21D, 29.549160, 101.602234
2017-10-08 03:53:04 +0800, HTU21D, 29.547016, 101.540878
2017-10-08 03:53:34 +0800, HTU21D, 29.542725, 101.593643
2017-10-08 03:54:05 +0800, HTU21D, 29.529856, 101.732086
2017-10-08 03:54:35 +0800, HTU21D, 29.519131, 101.782364
2017-10-08 03:55:06 +0800, HTU21D, 29.540579, 101.636047
2017-10-08 03:55:36 +0800, HTU21D, 29.581335, 101.358337
2017-10-08 03:56:07 +0800, HTU21D, 29.615656, 101.133080
2017-10-08 03:56:37 +0800, HTU21D, 29.619946, 101.052856
2017-10-08 03:57:07 +0800, HTU21D, 29.559885, 101.471100
2017-10-08 03:57:38 +0800, HTU21D, 29.506260, 101.923866
2017-10-08 03:58:08 +0800, HTU21D, 29.527710, 101.835526
2017-10-08 03:58:39 +0800, HTU21D, 29.538433, 101.701332
2017-10-08 03:59:09 +0800, HTU21D, 29.540579, 101.680298
2017-10-08 03:59:40 +0800, HTU21D, 29.542728, 101.724869
2017-10-08 04:00:10 +0800, HTU21D, 29.534143, 101.769363
2017-10-08 04:00:40 +0800, HTU21D, 29.542725, 101.672989
2017-10-08 04:01:11 +0800, HTU21D, 29.538433, 101.722702
2017-10-08 04:01:41 +0800, HTU21D, 29.540583, 101.735222
2017-10-08 04:02:12 +0800, HTU21D, 29.536291, 101.801720
2017-10-08 04:02:42 +0800, HTU21D, 29.547016, 101.736191
2017-10-08 04:03:13 +0800, HTU21D, 29.547016, 101.714828
2017-10-08 04:03:43 +0800, HTU21D, 29.529856, 101.886200
2017-10-08 04:04:14 +0800, HTU21D, 29.499823, 102.160934
2017-10-08 04:04:44 +0800, HTU21D, 29.506260, 102.161903
2017-10-08 04:05:14 +0800, HTU21D, 29.538433, 101.918015
2017-10-08 04:05:45 +0800, HTU21D, 29.581335, 101.599434
2017-10-08 04:06:15 +0800, HTU21D, 29.602787, 101.486679
2017-10-08 04:06:46 +0800, HTU21D, 29.607075, 101.363724
2017-10-08 04:07:16 +0800, HTU21D, 29.611364, 101.378098
2017-10-08 04:07:47 +0800, HTU21D, 29.579189, 101.719650
2017-10-08 04:08:17 +0800, HTU21D, 29.538433, 101.916489
2017-10-08 04:08:48 +0800, HTU21D, 29.497681, 102.268944
2017-10-08 04:09:18 +0800, HTU21D, 29.510550, 102.251045
2017-10-08 04:09:48 +0800, HTU21D, 29.508404, 102.221733
2017-10-08 04:10:19 +0800, HTU21D, 29.516987, 102.165031
2017-10-08 04:10:49 +0800, HTU21D, 29.542725, 101.962906
2017-10-08 04:11:20 +0800, HTU21D, 29.536289, 101.911583
2017-10-08 04:11:50 +0800, HTU21D, 29.538433, 101.905807
2017-10-08 04:12:21 +0800, HTU21D, 29.566320, 101.716202
2017-10-08 04:12:51 +0800, HTU21D, 29.594204, 101.595261
2017-10-08 04:13:21 +0800, HTU21D, 29.583477, 101.576859
2017-10-08 04:13:52 +0800, HTU21D, 29.564173, 101.645683
2017-10-08 04:14:22 +0800, HTU21D, 29.589916, 101.538162
2017-10-08 04:14:53 +0800, HTU21D, 29.602787, 101.437851
2017-10-08 04:15:23 +0800, HTU21D, 29.583481, 101.605858
2017-10-08 04:15:54 +0800, HTU21D, 29.570612, 101.603928
2017-10-08 04:16:24 +0800, HTU21D, 29.600641, 101.352074
2017-10-08 04:16:54 +0800, HTU21D, 29.615656, 101.276512
2017-10-08 04:17:25 +0800, HTU21D, 29.628529, 101.257095
2017-10-08 04:17:55 +0800, HTU21D, 29.637106, 101.090530
2017-10-08 04:18:26 +0800, HTU21D, 29.613510, 101.207535
2017-10-08 04:18:56 +0800, HTU21D, 29.619946, 101.184082
2017-10-08 04:19:27 +0800, HTU21D, 29.632816, 101.067001
2017-10-08 04:19:57 +0800, HTU21D, 29.622091, 101.141678
2017-10-08 04:20:28 +0800, HTU21D, 29.607077, 101.272179
2017-10-08 04:20:58 +0800, HTU21D, 29.647831, 100.989906
2017-10-08 04:21:28 +0800, HTU21D, 29.632816, 101.080734
2017-10-08 04:21:59 +0800, HTU21D, 29.587769, 101.321159
2017-10-08 04:22:29 +0800, HTU21D, 29.516987, 101.836967
2017-10-08 04:23:00 +0800, HTU21D, 29.497681, 102.027855
2017-10-08 04:23:30 +0800, HTU21D, 29.519131, 101.893753
2017-10-08 04:24:01 +0800, HTU21D, 29.544870, 101.755707
2017-10-08 04:24:31 +0800, HTU21D, 29.506260, 102.048988
2017-10-08 04:25:01 +0800, HTU21D, 29.499823, 101.999191
2017-10-08 04:25:32 +0800, HTU21D, 29.553452, 101.645607
2017-10-08 04:26:02 +0800, HTU21D, 29.564178, 101.609062
2017-10-08 04:26:33 +0800, HTU21D, 29.559885, 101.590111
2017-10-08 04:27:03 +0800, HTU21D, 29.570612, 101.492538
2017-10-08 04:27:34 +0800, HTU21D, 29.544870, 101.677887
2017-10-08 04:28:04 +0800, HTU21D, 29.542725, 101.645523
2017-10-08 04:28:34 +0800, HTU21D, 29.529856, 101.727509
2017-10-08 04:29:05 +0800, HTU21D, 29.562031, 101.543129
2017-10-08 04:29:35 +0800, HTU21D, 29.566320, 101.455276
2017-10-08 04:30:06 +0800, HTU21D, 29.568462, 101.449493
2017-10-08 04:30:36 +0800, HTU21D, 29.551306, 101.500320
2017-10-08 04:31:07 +0800, HTU21D, 29.564175, 101.520569
2017-10-08 04:31:37 +0800, HTU21D, 29.587772, 101.424919
2017-10-08 04:32:08 +0800, HTU21D, 29.551306, 101.539993
2017-10-08 04:32:38 +0800, HTU21D, 29.521275, 101.834564
2017-10-08 04:33:08 +0800, HTU21D, 29.478374, 102.084480
2017-10-08 04:33:39 +0800, HTU21D, 29.527710, 101.824844
2017-10-08 04:34:09 +0800, HTU21D, 29.549160, 101.632759
2017-10-08 04:34:40 +0800, HTU21D, 29.544870, 101.554291
2017-10-08 04:35:10 +0800, HTU21D, 29.491247, 101.872787
2017-10-08 04:35:41 +0800, HTU21D, 29.499823, 101.881699
2017-10-08 04:36:11 +0800, HTU21D, 29.506260, 101.841469
2017-10-08 04:36:42 +0800, HTU21D, 29.521276, 101.627037
2017-10-08 04:37:12 +0800, HTU21D, 29.544870, 101.470367
2017-10-08 04:37:42 +0800, HTU21D, 29.547016, 101.473740
2017-10-08 04:38:13 +0800, HTU21D, 29.577045, 101.246300
2017-10-08 04:38:43 +0800, HTU21D, 29.626383, 100.895134
2017-10-08 04:39:14 +0800, HTU21D, 29.658558, 100.632927
2017-10-08 04:39:44 +0800, HTU21D, 29.695023, 100.394257
2017-10-08 04:40:15 +0800, HTU21D, 29.671427, 100.454811
2017-10-08 04:40:45 +0800, HTU21D, 29.675716, 100.476807
2017-10-08 04:41:15 +0800, HTU21D, 29.656412, 100.502907
2017-10-08 04:41:46 +0800, HTU21D, 29.641397, 100.560165
2017-10-08 04:42:16 +0800, HTU21D, 29.643543, 100.603210
2017-10-08 04:42:47 +0800, HTU21D, 29.660702, 100.512703
2017-10-08 04:43:17 +0800, HTU21D, 29.643543, 100.597107
2017-10-08 04:43:48 +0800, HTU21D, 29.649975, 100.559921
2017-10-08 04:44:18 +0800, HTU21D, 29.630671, 100.628746
2017-10-08 04:44:49 +0800, HTU21D, 29.619946, 100.709534
2017-10-08 04:45:19 +0800, HTU21D, 29.630672, 100.665367
2017-10-08 04:45:49 +0800, HTU21D, 29.589916, 100.868301
2017-10-08 04:46:20 +0800, HTU21D, 29.555593, 101.137802
2017-10-08 04:46:50 +0800, HTU21D, 29.572754, 101.000000
2017-10-08 04:47:21 +0800, HTU21D, 29.581335, 100.973824
2017-10-08 04:47:51 +0800, HTU21D, 29.589916, 100.907974
2017-10-08 04:48:22 +0800, HTU21D, 29.585627, 100.908859
2017-10-08 04:48:52 +0800, HTU21D, 29.592060, 100.877762
2017-10-08 04:49:22 +0800, HTU21D, 29.619946, 100.656128
2017-10-08 04:49:53 +0800, HTU21D, 29.585623, 100.889015
2017-10-08 04:50:23 +0800, HTU21D, 29.572758, 100.957268
2017-10-08 04:50:54 +0800, HTU21D, 29.568462, 100.964256
2017-10-08 04:51:24 +0800, HTU21D, 29.581335, 100.886856
2017-10-08 04:51:55 +0800, HTU21D, 29.592060, 100.845726
2017-10-08 04:52:25 +0800, HTU21D, 29.592060, 100.807579
2017-10-08 04:52:56 +0800, HTU21D, 29.611364, 100.673141
2017-10-08 04:53:26 +0800, HTU21D, 29.607075, 100.670982
2017-10-08 04:53:56 +0800, HTU21D, 29.581335, 100.830383
2017-10-08 04:54:27 +0800, HTU21D, 29.609222, 100.727768
2017-10-08 04:54:57 +0800, HTU21D, 29.637104, 100.507645
2017-10-08 04:55:28 +0800, HTU21D, 29.632816, 100.597031
2017-10-08 04:55:58 +0800, HTU21D, 29.596350, 100.832642
2017-10-08 04:56:29 +0800, HTU21D, 29.589916, 100.875916
2017-10-08 04:56:59 +0800, HTU21D, 29.617802, 100.809921
2017-10-08 04:57:29 +0800, HTU21D, 29.634960, 100.688904
2017-10-08 04:58:00 +0800, HTU21D, 29.656412, 100.486122
2017-10-08 04:58:30 +0800, HTU21D, 29.656414, 100.574623
2017-10-08 04:59:01 +0800, HTU21D, 29.628525, 100.762703
2017-10-08 04:59:31 +0800, HTU21D, 29.596350, 100.948601
2017-10-08 05:00:02 +0800, HTU21D, 29.611364, 100.854721
2017-10-08 05:00:32 +0800, HTU21D, 29.594204, 100.933029
2017-10-08 05:01:03 +0800, HTU21D, 29.589916, 100.918655
2017-10-08 05:01:33 +0800, HTU21D, 29.581335, 101.016548
2017-10-08 05:02:03 +0800, HTU21D, 29.596350, 100.892136
2017-10-08 05:02:34 +0800, HTU21D, 29.592060, 100.917442
2017-10-08 05:03:04 +0800, HTU21D, 29.562031, 101.192177
2017-10-08 05:03:35 +0800, HTU21D, 29.523418, 101.520554
2017-10-08 05:04:05 +0800, HTU21D, 29.523422, 101.476303
2017-10-08 05:04:36 +0800, HTU21D, 29.521276, 101.504974
2017-10-08 05:05:06 +0800, HTU21D, 29.529856, 101.457428
2017-10-08 05:05:37 +0800, HTU21D, 29.525564, 101.525459
2017-10-08 05:06:07 +0800, HTU21D, 29.536289, 101.409569
2017-10-08 05:06:37 +0800, HTU21D, 29.557739, 101.260208
2017-10-08 05:07:08 +0800, HTU21D, 29.538437, 101.457191
2017-10-08 05:07:38 +0800, HTU21D, 29.551306, 101.320274
2017-10-08 05:08:09 +0800, HTU21D, 29.549160, 101.321472
2017-10-08 05:08:39 +0800, HTU21D, 29.523418, 101.554123
2017-10-08 05:09:10 +0800, HTU21D, 29.497681, 101.715050
2017-10-08 05:09:40 +0800, HTU21D, 29.493389, 101.677795
2017-10-08 05:10:10 +0800, HTU21D, 29.544870, 101.351349
2017-10-08 05:10:41 +0800, HTU21D, 29.555597, 101.220215
2017-10-08 05:11:11 +0800, HTU21D, 29.547016, 101.340988
2017-10-08 05:11:42 +0800, HTU21D, 29.547016, 101.254013
2017-10-08 05:12:12 +0800, HTU21D, 29.549160, 101.245186
2017-10-08 05:12:43 +0800, HTU21D, 29.557743, 101.177795
2017-10-08 05:13:13 +0800, HTU21D, 29.532001, 101.357048
2017-10-08 05:13:43 +0800, HTU21D, 29.506260, 101.537811
2017-10-08 05:14:14 +0800, HTU21D, 29.476231, 101.751511
2017-10-08 05:14:44 +0800, HTU21D, 29.469793, 101.819214
2017-10-08 05:15:15 +0800, HTU21D, 29.493389, 101.619804
2017-10-08 05:15:45 +0800, HTU21D, 29.516987, 101.574524
2017-10-08 05:16:16 +0800, HTU21D, 29.570608, 101.338425
2017-10-08 05:16:46 +0800, HTU21D, 29.577045, 101.215790
2017-10-08 05:17:17 +0800, HTU21D, 29.602787, 101.045700
2017-10-08 05:17:47 +0800, HTU21D, 29.607077, 100.999039
2017-10-08 05:18:17 +0800, HTU21D, 29.630671, 100.883568
2017-10-08 05:18:48 +0800, HTU21D, 29.673573, 100.590927
2017-10-08 05:19:18 +0800, HTU21D, 29.686443, 100.444847
2017-10-08 05:19:49 +0800, HTU21D, 29.714329, 100.285767
2017-10-08 05:20:19 +0800, HTU21D, 29.677862, 100.489342
2017-10-08 05:20:50 +0800, HTU21D, 29.673573, 100.581772
2017-10-08 05:21:20 +0800, HTU21D, 29.652124, 100.667053
2017-10-08 05:21:50 +0800, HTU21D, 29.641394, 100.743271
2017-10-08 05:22:21 +0800, HTU21D, 29.630672, 100.792015
2017-10-08 05:22:51 +0800, HTU21D, 29.607077, 101.070755
2017-10-08 05:23:22 +0800, HTU21D, 29.609222, 101.086342
2017-10-08 05:23:52 +0800, HTU21D, 29.604931, 101.000252
2017-10-08 05:24:23 +0800, HTU21D, 29.617802, 100.970139
2017-10-08 05:24:53 +0800, HTU21D, 29.641394, 100.723434
2017-10-08 05:25:24 +0800, HTU21D, 29.619946, 100.852966
2017-10-08 05:25:54 +0800, HTU21D, 29.609222, 100.913918
2017-10-08 05:26:24 +0800, HTU21D, 29.600641, 100.998085
2017-10-08 05:26:55 +0800, HTU21D, 29.600641, 100.976707
2017-10-08 05:27:25 +0800, HTU21D, 29.592060, 100.964752
2017-10-08 05:27:56 +0800, HTU21D, 29.566320, 101.159256
2017-10-08 05:28:26 +0800, HTU21D, 29.577045, 101.093719
2017-10-08 05:28:57 +0800, HTU21D, 29.611368, 100.828789
2017-10-08 05:29:27 +0800, HTU21D, 29.622091, 100.783096
2017-10-08 05:29:57 +0800, HTU21D, 29.585627, 100.977516
2017-10-08 05:30:28 +0800, HTU21D, 29.566319, 101.139420
2017-10-08 05:30:58 +0800, HTU21D, 29.559885, 101.161339
2017-10-08 05:31:29 +0800, HTU21D, 29.577045, 101.099823
2017-10-08 05:31:59 +0800, HTU21D, 29.549160, 101.246704
2017-10-08 05:32:30 +0800, HTU21D, 29.547016, 101.226547
2017-10-08 05:33:00 +0800, HTU21D, 29.568462, 101.112274
2017-10-08 05:33:31 +0800, HTU21D, 29.570612, 101.057663
2017-10-08 05:34:01 +0800, HTU21D, 29.583481, 100.954308
2017-10-08 05:34:31 +0800, HTU21D, 29.585627, 100.968369
2017-10-08 05:35:02 +0800, HTU21D, 29.564175, 101.104004
2017-10-08 05:35:32 +0800, HTU21D, 29.572754, 101.051888
2017-10-08 05:36:03 +0800, HTU21D, 29.570608, 101.016464
2017-10-08 05:36:33 +0800, HTU21D, 29.547016, 101.185349
2017-10-08 05:37:04 +0800, HTU21D, 29.491245, 101.572189
2017-10-08 05:37:34 +0800, HTU21D, 29.459070, 101.813026
2017-10-08 05:38:04 +0800, HTU21D, 29.469793, 101.762756
2017-10-08 05:38:35 +0800, HTU21D, 29.514841, 101.450600
2017-10-08 05:39:05 +0800, HTU21D, 29.527710, 101.296890
2017-10-08 05:39:36 +0800, HTU21D, 29.497681, 101.563995
2017-10-08 05:40:06 +0800, HTU21D, 29.525564, 101.359131
2017-10-08 05:40:37 +0800, HTU21D, 29.536291, 101.292076
2017-10-08 05:41:07 +0800, HTU21D, 29.542725, 101.207596
2017-10-08 05:41:38 +0800, HTU21D, 29.547016, 101.147202
2017-10-08 05:42:08 +0800, HTU21D, 29.551306, 101.120377
2017-10-08 05:42:38 +0800, HTU21D, 29.549160, 101.191780
2017-10-08 05:43:09 +0800, HTU21D, 29.547016, 101.162460
2017-10-08 05:43:39 +0800, HTU21D, 29.551306, 101.140221
2017-10-08 05:44:10 +0800, HTU21D, 29.564175, 101.075012
2017-10-08 05:44:40 +0800, HTU21D, 29.538437, 101.214577
2017-10-08 05:45:11 +0800, HTU21D, 29.529856, 101.262123
2017-10-08 05:45:41 +0800, HTU21D, 29.544870, 101.180458
2017-10-08 05:46:11 +0800, HTU21D, 29.540583, 101.193542
2017-10-08 05:46:42 +0800, HTU21D, 29.549160, 101.107849
2017-10-08 05:47:12 +0800, HTU21D, 29.572754, 100.937439
2017-10-08 05:47:43 +0800, HTU21D, 29.557739, 101.035904
2017-10-08 05:48:13 +0800, HTU21D, 29.525568, 101.287415
2017-10-08 05:48:44 +0800, HTU21D, 29.501972, 101.471558
2017-10-08 05:49:14 +0800, HTU21D, 29.523418, 101.323715
2017-10-08 05:49:44 +0800, HTU21D, 29.536291, 101.240189
2017-10-08 05:50:15 +0800, HTU21D, 29.523418, 101.271835
2017-10-08 05:50:45 +0800, HTU21D, 29.489101, 101.565758
2017-10-08 05:51:16 +0800, HTU21D, 29.489100, 101.512352
2017-10-08 05:51:46 +0800, HTU21D, 29.495535, 101.549942
2017-10-08 05:52:17 +0800, HTU21D, 29.521276, 101.337120
2017-10-08 05:52:47 +0800, HTU21D, 29.536291, 101.298187
2017-10-08 05:53:18 +0800, HTU21D, 29.562031, 101.088425
2017-10-08 05:53:48 +0800, HTU21D, 29.555597, 101.092033
2017-10-08 05:54:18 +0800, HTU21D, 29.553452, 101.117653
2017-10-08 05:54:49 +0800, HTU21D, 29.549160, 101.170410
2017-10-08 05:55:19 +0800, HTU21D, 29.486954, 101.649361
2017-10-08 05:55:50 +0800, HTU21D, 29.439764, 101.985611
2017-10-08 05:56:20 +0800, HTU21D, 29.405447, 102.250534
2017-10-08 05:56:51 +0800, HTU21D, 29.454779, 101.882568
2017-10-08 05:57:21 +0800, HTU21D, 29.459070, 101.806923
2017-10-08 05:57:51 +0800, HTU21D, 29.480518, 101.681961
2017-10-08 05:58:22 +0800, HTU21D, 29.499823, 101.517014
2017-10-08 05:58:52 +0800, HTU21D, 29.504114, 101.403214
2017-10-08 05:59:23 +0800, HTU21D, 29.516987, 101.490601
2017-10-08 05:59:53 +0800, HTU21D, 29.519131, 101.495499
2017-10-08 06:00:24 +0800, HTU21D, 29.564173, 101.236755
2017-10-08 06:00:54 +0800, HTU21D, 29.598495, 100.947403
2017-10-08 06:01:25 +0800, HTU21D, 29.607077, 100.931900
2017-10-08 06:01:55 +0800, HTU21D, 29.587772, 101.067863
2017-10-08 06:02:25 +0800, HTU21D, 29.587772, 101.008354
2017-10-08 06:02:56 +0800, HTU21D, 29.598495, 100.904678
2017-10-08 06:03:26 +0800, HTU21D, 29.609219, 100.903236
2017-10-08 06:03:57 +0800, HTU21D, 29.609219, 100.877296
2017-10-08 06:04:27 +0800, HTU21D, 29.585627, 101.015663
2017-10-08 06:04:58 +0800, HTU21D, 29.540583, 101.341553
2017-10-08 06:05:28 +0800, HTU21D, 29.555597, 101.317856
2017-10-08 06:05:58 +0800, HTU21D, 29.553452, 101.328224
2017-10-08 06:06:29 +0800, HTU21D, 29.553452, 101.274818
2017-10-08 06:06:59 +0800, HTU21D, 29.553448, 101.283974
2017-10-08 06:07:30 +0800, HTU21D, 29.559885, 101.254417
2017-10-08 06:08:00 +0800, HTU21D, 29.574900, 101.130020
2017-10-08 06:08:31 +0800, HTU21D, 29.579189, 101.141342
2017-10-08 06:09:01 +0800, HTU21D, 29.555597, 101.230881
2017-10-08 06:09:31 +0800, HTU21D, 29.551306, 101.297386
2017-10-08 06:10:02 +0800, HTU21D, 29.557739, 101.232742
2017-10-08 06:10:32 +0800, HTU21D, 29.547016, 101.327255
2017-10-08 06:11:03 +0800, HTU21D, 29.559885, 101.292564
2017-10-08 06:11:33 +0800, HTU21D, 29.570608, 101.115646
2017-10-08 06:12:04 +0800, HTU21D, 29.585623, 101.044655
2017-10-08 06:12:34 +0800, HTU21D, 29.589916, 101.055969
2017-10-08 06:13:04 +0800, HTU21D, 29.607077, 100.921219
2017-10-08 06:13:35 +0800, HTU21D, 29.594204, 101.071884
2017-10-08 06:14:05 +0800, HTU21D, 29.559885, 101.231529
2017-10-08 06:14:36 +0800, HTU21D, 29.547016, 101.376083
2017-10-08 06:15:06 +0800, HTU21D, 29.570608, 101.170578
2017-10-08 06:15:37 +0800, HTU21D, 29.598495, 100.974869
2017-10-08 06:16:07 +0800, HTU21D, 29.555593, 101.308701
2017-10-08 06:16:38 +0800, HTU21D, 29.532001, 101.546249
2017-10-08 06:17:08 +0800, HTU21D, 29.544870, 101.392540
2017-10-08 06:17:38 +0800, HTU21D, 29.547016, 101.362350
2017-10-08 06:18:09 +0800, HTU21D, 29.532001, 101.547783
2017-10-08 06:18:39 +0800, HTU21D, 29.504114, 101.726700
2017-10-08 06:19:10 +0800, HTU21D, 29.501972, 101.743164
2017-10-08 06:19:40 +0800, HTU21D, 29.532001, 101.495895
2017-10-08 06:20:11 +0800, HTU21D, 29.544870, 101.436798
2017-10-08 06:20:41 +0800, HTU21D, 29.551306, 101.379776
2017-10-08 06:21:12 +0800, HTU21D, 29.596350, 101.076782
2017-10-08 06:21:42 +0800, HTU21D, 29.613510, 100.926765
2017-10-08 06:22:12 +0800, HTU21D, 29.626379, 100.779160
2017-10-08 06:22:43 +0800, HTU21D, 29.600641, 101.008766
2017-10-08 06:23:13 +0800, HTU21D, 29.551306, 101.430130
2017-10-08 06:23:44 +0800, HTU21D, 29.529856, 101.616127
2017-10-08 06:24:14 +0800, HTU21D, 29.508404, 101.852470
2017-10-08 06:24:45 +0800, HTU21D, 29.523418, 101.683823
2017-10-08 06:25:15 +0800, HTU21D, 29.562031, 101.398178
2017-10-08 06:25:45 +0800, HTU21D, 29.566320, 101.481216
2017-10-08 06:26:16 +0800, HTU21D, 29.559887, 101.580956
2017-10-08 06:26:46 +0800, HTU21D, 29.521276, 101.778107
2017-10-08 06:27:17 +0800, HTU21D, 29.495539, 101.952774
2017-10-08 06:27:47 +0800, HTU21D, 29.497681, 101.911888
2017-10-08 06:28:18 +0800, HTU21D, 29.525564, 101.673462
2017-10-08 06:28:48 +0800, HTU21D, 29.542725, 101.540237
2017-10-08 06:29:18 +0800, HTU21D, 29.544870, 101.539032
2017-10-08 06:29:49 +0800, HTU21D, 29.544870, 101.476471
2017-10-08 06:30:19 +0800, HTU21D, 29.557739, 101.415848
2017-10-08 06:30:50 +0800, HTU21D, 29.564173, 101.375610
2017-10-08 06:31:20 +0800, HTU21D, 29.557743, 101.438736
2017-10-08 06:31:51 +0800, HTU21D, 29.566320, 101.404922
2017-10-08 06:32:21 +0800, HTU21D, 29.529856, 101.744301
2017-10-08 06:32:52 +0800, HTU21D, 29.508404, 101.921127
2017-10-08 06:33:22 +0800, HTU21D, 29.510550, 101.840584
2017-10-08 06:33:52 +0800, HTU21D, 29.489100, 102.067772
2017-10-08 06:34:23 +0800, HTU21D, 29.497681, 102.032433
2017-10-08 06:34:53 +0800, HTU21D, 29.529856, 101.811440
2017-10-08 06:35:24 +0800, HTU21D, 29.542725, 101.720291
2017-10-08 06:35:54 +0800, HTU21D, 29.577045, 101.487404
2017-10-08 06:36:25 +0800, HTU21D, 29.589914, 101.458817
2017-10-08 06:36:55 +0800, HTU21D, 29.592060, 101.526268
2017-10-08 06:37:25 +0800, HTU21D, 29.619944, 101.193237
2017-10-08 06:37:56 +0800, HTU21D, 29.583481, 101.340347
2017-10-08 06:38:26 +0800, HTU21D, 29.598495, 101.324295
2017-10-08 06:38:57 +0800, HTU21D, 29.615656, 101.247520
2017-10-08 06:39:27 +0800, HTU21D, 29.622091, 101.129471
2017-10-08 06:39:58 +0800, HTU21D, 29.598495, 101.331924
2017-10-08 06:40:28 +0800, HTU21D, 29.581335, 101.478882
2017-10-08 06:40:59 +0800, HTU21D, 29.579189, 101.539597
2017-10-08 06:41:29 +0800, HTU21D, 29.596350, 101.348389
2017-10-08 06:41:59 +0800, HTU21D, 29.609219, 101.333527
2017-10-08 06:42:30 +0800, HTU21D, 29.596350, 101.552856
2017-10-08 06:43:00 +0800, HTU21D, 29.579189, 101.712021
2017-10-08 06:43:31 +0800, HTU21D, 29.579189, 101.690666
2017-10-08 06:44:01 +0800, HTU21D, 29.583481, 101.645531
2017-10-08 06:44:32 +0800, HTU21D, 29.568466, 101.759239
2017-10-08 06:45:02 +0800, HTU21D, 29.562031, 101.830002
2017-10-08 06:45:33 +0800, HTU21D, 29.574900, 101.650352
2017-10-08 06:46:03 +0800, HTU21D, 29.587769, 101.519524
2017-10-08 06:46:33 +0800, HTU21D, 29.592060, 101.564415
2017-10-08 06:47:04 +0800, HTU21D, 29.577045, 101.682716
2017-10-08 06:47:34 +0800, HTU21D, 29.596350, 101.554375
2017-10-08 06:48:05 +0800, HTU21D, 29.600641, 101.527550
2017-10-08 06:48:35 +0800, HTU21D, 29.626379, 101.348312
2017-10-08 06:49:06 +0800, HTU21D, 29.624237, 101.309845
2017-10-08 06:49:36 +0800, HTU21D, 29.596350, 101.591003
2017-10-08 06:50:06 +0800, HTU21D, 29.581335, 101.697090
2017-10-08 06:50:37 +0800, HTU21D, 29.577045, 101.675087
2017-10-08 06:51:07 +0800, HTU21D, 29.596350, 101.571167
2017-10-08 06:51:38 +0800, HTU21D, 29.583481, 101.663841
2017-10-08 06:52:08 +0800, HTU21D, 29.564175, 101.760132
2017-10-08 06:52:39 +0800, HTU21D, 29.574902, 101.705276
2017-10-08 06:53:09 +0800, HTU21D, 29.579189, 101.658615
2017-10-08 06:53:39 +0800, HTU21D, 29.544870, 101.893036
2017-10-08 06:54:10 +0800, HTU21D, 29.529856, 102.022011
2017-10-08 06:54:40 +0800, HTU21D, 29.534143, 101.940262
2017-10-08 06:55:11 +0800, HTU21D, 29.583481, 101.650101
2017-10-08 06:55:41 +0800, HTU21D, 29.596350, 101.572693
2017-10-08 06:56:12 +0800, HTU21D, 29.615656, 101.480980
2017-10-08 06:56:42 +0800, HTU21D, 29.617802, 101.504196
2017-10-08 06:57:13 +0800, HTU21D, 29.628525, 101.351700
2017-10-08 06:57:43 +0800, HTU21D, 29.654266, 101.184654
2017-10-08 06:58:13 +0800, HTU21D, 29.632816, 101.356918
2017-10-08 06:58:44 +0800, HTU21D, 29.613510, 101.532547
2017-10-08 06:59:14 +0800, HTU21D, 29.632816, 101.393539
2017-10-08 06:59:45 +0800, HTU21D, 29.613510, 101.582893
2017-10-08 07:00:15 +0800, HTU21D, 29.594204, 101.779892
2017-10-08 07:00:46 +0800, HTU21D, 29.600641, 101.663361
2017-10-08 07:01:16 +0800, HTU21D, 29.613510, 101.607315
2017-10-08 07:01:46 +0800, HTU21D, 29.589914, 101.884537
2017-10-08 07:02:17 +0800, HTU21D, 29.596350, 101.803093
2017-10-08 07:02:47 +0800, HTU21D, 29.634960, 101.462524
2017-10-08 07:03:18 +0800, HTU21D, 29.649975, 101.338127
2017-10-08 07:03:48 +0800, HTU21D, 29.675716, 101.181778
2017-10-08 07:04:19 +0800, HTU21D, 29.671429, 101.200958
2017-10-08 07:04:49 +0800, HTU21D, 29.675716, 101.155838
2017-10-08 07:05:20 +0800, HTU21D, 29.680008, 101.209869
2017-10-08 07:05:50 +0800, HTU21D, 29.643539, 101.462280
2017-10-08 07:06:20 +0800, HTU21D, 29.594204, 101.985886
2017-10-08 07:06:51 +0800, HTU21D, 29.592060, 101.971825
2017-10-08 07:07:21 +0800, HTU21D, 29.622089, 101.710831
2017-10-08 07:07:52 +0800, HTU21D, 29.628525, 101.727058
2017-10-08 07:08:22 +0800, HTU21D, 29.632816, 101.651405
2017-10-08 07:08:53 +0800, HTU21D, 29.619946, 101.805115
2017-10-08 07:09:23 +0800, HTU21D, 29.639252, 101.692039
2017-10-08 07:09:54 +0800, HTU21D, 29.647833, 101.662811
2017-10-08 07:10:24 +0800, HTU21D, 29.632816, 101.791786
2017-10-08 07:10:54 +0800, HTU21D, 29.662848, 101.578087
2017-10-08 07:11:25 +0800, HTU21D, 29.682154, 101.419235
2017-10-08 07:11:55 +0800, HTU21D, 29.677862, 101.443008
2017-10-08 07:12:26 +0800, HTU21D, 29.712183, 101.306259
2017-10-08 07:12:56 +0800, HTU21D, 29.684299, 101.436356
2017-10-08 07:13:27 +0800, HTU21D, 29.697168, 101.453537
2017-10-08 07:13:57 +0800, HTU21D, 29.695023, 101.448639
2017-10-08 07:14:27 +0800, HTU21D, 29.654266, 101.712601
2017-10-08 07:14:58 +0800, HTU21D, 29.628525, 101.971199
2017-10-08 07:15:28 +0800, HTU21D, 29.613510, 102.150528
2017-10-08 07:15:59 +0800, HTU21D, 29.609219, 102.188026
2017-10-08 07:16:29 +0800, HTU21D, 29.624237, 102.005646
2017-10-08 07:17:00 +0800, HTU21D, 29.641397, 101.991440
2017-10-08 07:17:30 +0800, HTU21D, 29.626379, 102.164665
2017-10-08 07:18:00 +0800, HTU21D, 29.624237, 102.176552
2017-10-08 07:18:31 +0800, HTU21D, 29.632816, 102.104599
2017-10-08 07:19:01 +0800, HTU21D, 29.611368, 102.298210
2017-10-08 07:19:32 +0800, HTU21D, 29.647833, 102.032082
2017-10-08 07:20:02 +0800, HTU21D, 29.662848, 101.958031
2017-10-08 07:20:33 +0800, HTU21D, 29.697168, 101.725143
2017-10-08 07:21:03 +0800, HTU21D, 29.703602, 101.671181
2017-10-08 07:21:34 +0800, HTU21D, 29.692877, 101.755020
2017-10-08 07:22:04 +0800, HTU21D, 29.690731, 101.776062
2017-10-08 07:22:34 +0800, HTU21D, 29.686441, 101.889854
2017-10-08 07:23:05 +0800, HTU21D, 29.677862, 101.993858
2017-10-08 07:23:35 +0800, HTU21D, 29.677862, 101.964867
2017-10-08 07:24:06 +0800, HTU21D, 29.686443, 101.952423
2017-10-08 07:24:36 +0800, HTU21D, 29.720764, 101.681381
2017-10-08 07:25:07 +0800, HTU21D, 29.703604, 101.897011
2017-10-08 07:25:37 +0800, HTU21D, 29.735779, 101.618019
2017-10-08 07:26:07 +0800, HTU21D, 29.748648, 101.496353
2017-10-08 07:26:38 +0800, HTU21D, 29.776535, 101.297592
2017-10-08 07:27:08 +0800, HTU21D, 29.759373, 101.545265
2017-10-08 07:27:39 +0800, HTU21D, 29.731487, 101.742493
2017-10-08 07:28:09 +0800, HTU21D, 29.722906, 101.849548
2017-10-08 07:28:40 +0800, HTU21D, 29.714329, 101.880310
2017-10-08 07:29:10 +0800, HTU21D, 29.725052, 101.831558
2017-10-08 07:29:40 +0800, HTU21D, 29.770096, 101.523987
2017-10-08 07:30:11 +0800, HTU21D, 29.782969, 101.551865
2017-10-08 07:30:41 +0800, HTU21D, 29.742212, 101.806664
2017-10-08 07:31:12 +0800, HTU21D, 29.750793, 101.730125
2017-10-08 07:31:42 +0800, HTU21D, 29.785114, 101.485031
2017-10-08 07:32:13 +0800, HTU21D, 29.802273, 101.478462
2017-10-08 07:32:43 +0800, HTU21D, 29.750793, 101.939186
2017-10-08 07:33:14 +0800, HTU21D, 29.767954, 101.715927
2017-10-08 07:33:44 +0800, HTU21D, 29.772242, 101.769974
2017-10-08 07:34:14 +0800, HTU21D, 29.806561, 101.489784
2017-10-08 07:34:45 +0800, HTU21D, 29.806564, 101.549294
2017-10-08 07:35:15 +0800, HTU21D, 29.770096, 101.881042
2017-10-08 07:35:46 +0800, HTU21D, 29.755081, 101.968819
2017-10-08 07:36:16 +0800, HTU21D, 29.802271, 101.582222
2017-10-08 07:36:47 +0800, HTU21D, 29.832302, 101.440239
2017-10-08 07:37:17 +0800, HTU21D, 29.804419, 101.730545
2017-10-08 07:37:47 +0800, HTU21D, 29.748648, 102.366104
2017-10-08 07:38:18 +0800, HTU21D, 29.765808, 102.084869
2017-10-08 07:38:48 +0800, HTU21D, 29.795841, 101.929153
2017-10-08 07:39:19 +0800, HTU21D, 29.776531, 102.321457
2017-10-08 07:39:49 +0800, HTU21D, 29.770100, 102.370850
2017-10-08 07:40:20 +0800, HTU21D, 29.772243, 102.221634
2017-10-08 07:40:50 +0800, HTU21D, 29.780823, 102.139000
2017-10-08 07:41:20 +0800, HTU21D, 29.785114, 102.119812
2017-10-08 07:41:51 +0800, HTU21D, 29.791546, 102.068893
2017-10-08 07:42:21 +0800, HTU21D, 29.806564, 101.921616
2017-10-08 07:42:52 +0800, HTU21D, 29.789402, 102.141808
2017-10-08 07:43:22 +0800, HTU21D, 29.731487, 102.600037
2017-10-08 07:43:53 +0800, HTU21D, 29.733633, 102.528648
2017-10-08 07:44:23 +0800, HTU21D, 29.763662, 102.218826
2017-10-08 07:44:54 +0800, HTU21D, 29.795841, 101.965775
2017-10-08 07:45:24 +0800, HTU21D, 29.776531, 102.165817
2017-10-08 07:45:54 +0800, HTU21D, 29.735779, 102.525917
2017-10-08 07:46:25 +0800, HTU21D, 29.731487, 102.615295
2017-10-08 07:46:55 +0800, HTU21D, 29.785114, 102.191521
2017-10-08 07:47:26 +0800, HTU21D, 29.785114, 102.179314
2017-10-08 07:47:56 +0800, HTU21D, 29.757227, 102.550499
2017-10-08 07:48:27 +0800, HTU21D, 29.742212, 102.801537
2017-10-08 07:48:57 +0800, HTU21D, 29.740070, 102.891251
2017-10-08 07:49:27 +0800, HTU21D, 29.763662, 102.675064
2017-10-08 07:49:58 +0800, HTU21D, 29.774387, 102.678200
2017-10-08 07:50:28 +0800, HTU21D, 29.737921, 103.046570
2017-10-08 07:50:59 +0800, HTU21D, 29.737925, 102.985519
2017-10-08 07:51:29 +0800, HTU21D, 29.795837, 102.483047
2017-10-08 07:52:00 +0800, HTU21D, 29.797983, 102.558144
2017-10-08 07:52:30 +0800, HTU21D, 29.763662, 102.835281
2017-10-08 07:53:01 +0800, HTU21D, 29.782969, 102.685585
2017-10-08 07:53:31 +0800, HTU21D, 29.825867, 102.327339
2017-10-08 07:54:01 +0800, HTU21D, 29.821575, 102.393837
2017-10-08 07:54:32 +0800, HTU21D, 29.810856, 102.573807
2017-10-08 07:55:02 +0800, HTU21D, 29.838739, 102.327744
2017-10-08 07:55:33 +0800, HTU21D, 29.832302, 102.444260
2017-10-08 07:56:03 +0800, HTU21D, 29.830158, 102.378334
2017-10-08 07:56:34 +0800, HTU21D, 29.836590, 102.379295
2017-10-08 07:57:04 +0800, HTU21D, 29.855900, 102.211304
2017-10-08 07:57:35 +0800, HTU21D, 29.875204, 102.128746
2017-10-08 07:58:05 +0800, HTU21D, 29.868769, 102.106415
2017-10-08 07:58:35 +0800, HTU21D, 29.866623, 102.164078
2017-10-08 07:59:06 +0800, HTU21D, 29.836594, 102.345734
2017-10-08 07:59:36 +0800, HTU21D, 29.812998, 102.674828
2017-10-08 08:00:07 +0800, HTU21D, 29.782969, 102.951088
2017-10-08 08:00:37 +0800, HTU21D, 29.812998, 102.674828
2017-10-08 08:01:08 +0800, HTU21D, 29.851608, 102.299156
2017-10-08 08:01:38 +0800, HTU21D, 29.862335, 102.222939
2017-10-08 08:02:08 +0800, HTU21D, 29.823725, 102.647446
2017-10-08 08:02:39 +0800, HTU21D, 29.778677, 102.948929
2017-10-08 08:03:09 +0800, HTU21D, 29.782969, 103.044167
2017-10-08 08:03:40 +0800, HTU21D, 29.776531, 103.154587
2017-10-08 08:04:10 +0800, HTU21D, 29.759373, 103.220680
2017-10-08 08:04:41 +0800, HTU21D, 29.765808, 103.130104
2017-10-08 08:05:11 +0800, HTU21D, 29.763660, 103.154190
2017-10-08 08:05:42 +0800, HTU21D, 29.735779, 103.455177
2017-10-08 08:06:12 +0800, HTU21D, 29.742212, 103.360023
2017-10-08 08:06:42 +0800, HTU21D, 29.759375, 103.274086
2017-10-08 08:07:13 +0800, HTU21D, 29.727198, 103.528664
2017-10-08 08:07:43 +0800, HTU21D, 29.697168, 103.795761
2017-10-08 08:08:14 +0800, HTU21D, 29.692877, 103.833267
2017-10-08 08:08:44 +0800, HTU21D, 29.735779, 103.439926
2017-10-08 08:09:15 +0800, HTU21D, 29.740067, 103.432938
2017-10-08 08:09:45 +0800, HTU21D, 29.699314, 103.860168
2017-10-08 08:10:15 +0800, HTU21D, 29.690731, 103.906174
2017-10-08 08:10:46 +0800, HTU21D, 29.733633, 103.457909
2017-10-08 08:11:16 +0800, HTU21D, 29.780823, 103.178123
2017-10-08 08:11:47 +0800, HTU21D, 29.733633, 103.627274
2017-10-08 08:12:17 +0800, HTU21D, 29.735779, 103.632179
2017-10-08 08:12:48 +0800, HTU21D, 29.776531, 103.203415
2017-10-08 08:13:18 +0800, HTU21D, 29.836590, 102.762291
2017-10-08 08:13:48 +0800, HTU21D, 29.789402, 103.104652
2017-10-08 08:14:19 +0800, HTU21D, 29.737921, 103.750000
2017-10-08 08:14:49 +0800, HTU21D, 29.725052, 103.708389
2017-10-08 08:15:20 +0800, HTU21D, 29.765808, 103.314720
2017-10-08 08:15:50 +0800, HTU21D, 29.770100, 103.341309
2017-10-08 08:16:21 +0800, HTU21D, 29.731487, 103.726151
2017-10-08 08:16:51 +0800, HTU21D, 29.714329, 103.787659
2017-10-08 08:17:21 +0800, HTU21D, 29.737925, 103.603516
2017-10-08 08:17:52 +0800, HTU21D, 29.782969, 103.239479
2017-10-08 08:18:22 +0800, HTU21D, 29.776531, 103.215622
2017-10-08 08:18:53 +0800, HTU21D, 29.755081, 103.372620
2017-10-08 08:19:23 +0800, HTU21D, 29.770100, 103.322998
2017-10-08 08:19:54 +0800, HTU21D, 29.778677, 103.334976
2017-10-08 08:20:24 +0800, HTU21D, 29.759373, 103.591469
2017-10-08 08:20:55 +0800, HTU21D, 29.750793, 103.706154
2017-10-08 08:21:25 +0800, HTU21D, 29.800129, 103.260361
2017-10-08 08:21:55 +0800, HTU21D, 29.812998, 103.231773
2017-10-08 08:22:26 +0800, HTU21D, 29.825867, 103.113159
2017-10-08 08:22:56 +0800, HTU21D, 29.849463, 102.944275
2017-10-08 08:23:27 +0800, HTU21D, 29.862331, 102.872971
2017-10-08 08:23:57 +0800, HTU21D, 29.825871, 103.406128
2017-10-08 08:24:28 +0800, HTU21D, 29.808710, 103.870468
2017-10-08 08:24:58 +0800, HTU21D, 29.802273, 103.649796
2017-10-08 08:25:29 +0800, HTU21D, 29.806561, 103.502419
2017-10-08 08:25:59 +0800, HTU21D, 29.806561, 103.511574
2017-10-08 08:26:29 +0800, HTU21D, 29.819433, 103.418907
2017-10-08 08:27:00 +0800, HTU21D, 29.797983, 103.759010
2017-10-08 08:27:30 +0800, HTU21D, 29.757229, 104.026024
2017-10-08 08:28:01 +0800, HTU21D, 29.750793, 104.127296
2017-10-08 08:28:31 +0800, HTU21D, 29.791546, 103.666489
2017-10-08 08:29:02 +0800, HTU21D, 29.828012, 103.464439
2017-10-08 08:29:32 +0800, HTU21D, 29.836594, 103.485558
2017-10-08 08:30:02 +0800, HTU21D, 29.797983, 103.916176
2017-10-08 08:30:33 +0800, HTU21D, 29.759373, 104.172829
2017-10-08 08:31:03 +0800, HTU21D, 29.748648, 104.180374
2017-10-08 08:31:34 +0800, HTU21D, 29.746502, 104.279236
2017-10-08 08:32:04 +0800, HTU21D, 29.755085, 104.124893
2017-10-08 08:32:35 +0800, HTU21D, 29.737921, 104.253525
2017-10-08 08:33:05 +0800, HTU21D, 29.750793, 104.166969
2017-10-08 08:33:36 +0800, HTU21D, 29.782969, 104.058884
2017-10-08 08:34:06 +0800, HTU21D, 29.812998, 103.735313
2017-10-08 08:34:36 +0800, HTU21D, 29.819433, 103.858360
2017-10-08 08:35:07 +0800, HTU21D, 29.800129, 104.032455
2017-10-08 08:35:37 +0800, HTU21D, 29.800129, 104.040085
2017-10-08 08:36:08 +0800, HTU21D, 29.800129, 104.124008
2017-10-08 08:36:38 +0800, HTU21D, 29.804419, 104.207054
2017-10-08 08:37:09 +0800, HTU21D, 29.789404, 104.523705
2017-10-08 08:37:39 +0800, HTU21D, 29.778677, 104.642639
2017-10-08 08:38:09 +0800, HTU21D, 29.791550, 104.469101
2017-10-08 08:38:40 +0800, HTU21D, 29.838739, 104.082497
2017-10-08 08:39:10 +0800, HTU21D, 29.847317, 104.074631
2017-10-08 08:39:41 +0800, HTU21D, 29.840885, 104.067566
2017-10-08 08:40:11 +0800, HTU21D, 29.821575, 104.377480
2017-10-08 08:40:42 +0800, HTU21D, 29.776531, 104.715561
2017-10-08 08:41:12 +0800, HTU21D, 29.776531, 104.619431
2017-10-08 08:41:42 +0800, HTU21D, 29.817287, 104.268494
2017-10-08 08:42:13 +0800, HTU21D, 29.838736, 104.125221
2017-10-08 08:42:43 +0800, HTU21D, 29.853754, 103.909279
2017-10-08 08:43:14 +0800, HTU21D, 29.834448, 104.231400
2017-10-08 08:43:44 +0800, HTU21D, 29.815144, 104.378029
2017-10-08 08:44:15 +0800, HTU21D, 29.830158, 104.271950
2017-10-08 08:44:45 +0800, HTU21D, 29.810852, 104.304153
2017-10-08 08:45:15 +0800, HTU21D, 29.782969, 104.492233
2017-10-08 08:45:46 +0800, HTU21D, 29.765808, 104.604103
2017-10-08 08:46:16 +0800, HTU21D, 29.767954, 104.438087
2017-10-08 08:46:47 +0800, HTU21D, 29.778677, 104.207779
2017-10-08 08:47:17 +0800, HTU21D, 29.836590, 103.780052
2017-10-08 08:47:48 +0800, HTU21D, 29.823725, 103.956650
2017-10-08 08:48:18 +0800, HTU21D, 29.828012, 103.874901
2017-10-08 08:48:49 +0800, HTU21D, 29.821579, 103.527565
2017-10-08 08:49:19 +0800, HTU21D, 29.797983, 103.652199
2017-10-08 08:49:49 +0800, HTU21D, 29.823725, 103.447006
2017-10-08 08:50:20 +0800, HTU21D, 29.866623, 102.894981
2017-10-08 08:50:50 +0800, HTU21D, 29.879492, 102.684799
2017-10-08 08:51:21 +0800, HTU21D, 29.860188, 102.764305
2017-10-08 08:51:51 +0800, HTU21D, 29.845173, 102.859718
2017-10-08 08:52:22 +0800, HTU21D, 29.832302, 103.002731
2017-10-08 08:52:52 +0800, HTU21D, 29.813000, 103.466759
2017-10-08 08:53:22 +0800, HTU21D, 29.800129, 103.600632
2017-10-08 08:53:53 +0800, HTU21D, 29.791550, 103.538315
2017-10-08 08:54:23 +0800, HTU21D, 29.800129, 103.483139
2017-10-08 08:54:54 +0800, HTU21D, 29.791546, 103.736679
2017-10-08 08:55:24 +0800, HTU21D, 29.810852, 103.501541
2017-10-08 08:55:55 +0800, HTU21D, 29.800129, 103.908859
2017-10-08 08:56:25 +0800, HTU21D, 29.804419, 103.961388
2017-10-08 08:56:56 +0800, HTU21D, 29.812998, 103.576622
2017-10-08 08:57:26 +0800, HTU21D, 29.817287, 103.662720
2017-10-08 08:57:56 +0800, HTU21D, 29.815144, 103.604416
2017-10-08 08:58:27 +0800, HTU21D, 29.843027, 103.263748
2017-10-08 08:58:57 +0800, HTU21D, 29.858044, 103.212585
2017-10-08 08:59:28 +0800, HTU21D, 29.845173, 103.398338
2017-10-08 08:59:58 +0800, HTU21D, 29.812998, 103.660545
2017-10-08 09:00:29 +0800, HTU21D, 29.806564, 103.908302
2017-10-08 09:00:59 +0800, HTU21D, 29.817287, 103.937363
2017-10-08 09:01:29 +0800, HTU21D, 29.851608, 103.745682
2017-10-08 09:02:00 +0800, HTU21D, 29.879492, 103.655273
2017-10-08 09:02:30 +0800, HTU21D, 29.862331, 103.706100
2017-10-08 09:03:01 +0800, HTU21D, 29.858042, 103.430801
2017-10-08 09:03:31 +0800, HTU21D, 29.858042, 103.668839
2017-10-08 09:04:02 +0800, HTU21D, 29.845173, 103.894264
2017-10-08 09:04:32 +0800, HTU21D, 29.838736, 104.006203
2017-10-08 09:05:03 +0800, HTU21D, 29.860188, 103.808006
2017-10-08 09:05:33 +0800, HTU21D, 29.870914, 103.916428
2017-10-08 09:06:03 +0800, HTU21D, 29.892361, 103.823509
2017-10-08 09:06:34 +0800, HTU21D, 29.883783, 103.744408
2017-10-08 09:07:04 +0800, HTU21D, 29.855896, 104.004196
2017-10-08 09:07:35 +0800, HTU21D, 29.840881, 104.081299
2017-10-08 09:08:05 +0800, HTU21D, 29.840885, 104.450562
2017-10-08 09:08:36 +0800, HTU21D, 29.825867, 104.463562
2017-10-08 09:09:06 +0800, HTU21D, 29.808710, 104.808884
2017-10-08 09:09:36 +0800, HTU21D, 29.817287, 104.695740
2017-10-08 09:10:07 +0800, HTU21D, 29.823725, 104.808090
2017-10-08 09:10:37 +0800, HTU21D, 29.825867, 104.907593
2017-10-08 09:11:08 +0800, HTU21D, 29.825871, 105.466064
2017-10-08 09:11:38 +0800, HTU21D, 29.806564, 105.090858
2017-10-08 09:12:09 +0800, HTU21D, 29.797983, 105.094154
2017-10-08 09:12:39 +0800, HTU21D, 29.802273, 105.106995
2017-10-08 09:13:10 +0800, HTU21D, 29.817287, 104.721664
2017-10-08 09:13:40 +0800, HTU21D, 29.823725, 104.542587
2017-10-08 09:14:10 +0800, HTU21D, 29.845173, 104.307762
2017-10-08 09:14:41 +0800, HTU21D, 29.862331, 104.250839
2017-10-08 09:15:11 +0800, HTU21D, 29.866623, 104.130936
2017-10-08 09:15:42 +0800, HTU21D, 29.853750, 104.125954
2017-10-08 09:16:12 +0800, HTU21D, 29.858042, 104.080826
2017-10-08 09:16:43 +0800, HTU21D, 29.847317, 104.735336
2017-10-08 09:17:13 +0800, HTU21D, 29.832306, 105.068771
2017-10-08 09:17:43 +0800, HTU21D, 29.834448, 104.876831
2017-10-08 09:18:14 +0800, HTU21D, 29.853754, 104.675270
2017-10-08 09:18:44 +0800, HTU21D, 29.847317, 104.626999
2017-10-08 09:19:15 +0800, HTU21D, 29.838739, 104.666916
2017-10-08 09:19:45 +0800, HTU21D, 29.853754, 104.484535
2017-10-08 09:20:16 +0800, HTU21D, 29.843029, 104.762161
2017-10-08 09:20:46 +0800, HTU21D, 29.843029, 104.562271
2017-10-08 09:21:16 +0800, HTU21D, 29.836594, 104.843590
2017-10-08 09:21:47 +0800, HTU21D, 29.808710, 105.117111
2017-10-08 09:22:17 +0800, HTU21D, 29.797983, 105.216225
2017-10-08 09:22:48 +0800, HTU21D, 29.763662, 105.661209
2017-10-08 09:23:18 +0800, HTU21D, 29.750790, 105.918678
2017-10-08 09:23:49 +0800, HTU21D, 29.791550, 105.523476
2017-10-08 09:24:19 +0800, HTU21D, 29.830158, 105.115746
2017-10-08 09:24:50 +0800, HTU21D, 29.868769, 104.787392
2017-10-08 09:25:20 +0800, HTU21D, 29.907379, 104.472740
2017-10-08 09:25:50 +0800, HTU21D, 29.950281, 104.250290
2017-10-08 09:26:21 +0800, HTU21D, 29.943844, 104.403442
2017-10-08 09:26:51 +0800, HTU21D, 29.924540, 104.666054
2017-10-08 09:27:22 +0800, HTU21D, 29.894506, 104.722572
2017-10-08 09:27:52 +0800, HTU21D, 29.894506, 104.743942
2017-10-08 09:28:23 +0800, HTU21D, 29.864477, 105.029358
2017-10-08 09:28:53 +0800, HTU21D, 29.840885, 105.117371
2017-10-08 09:29:23 +0800, HTU21D, 29.821579, 105.286888
2017-10-08 09:29:54 +0800, HTU21D, 29.810856, 105.543167
2017-10-08 09:30:24 +0800, HTU21D, 29.770096, 106.080261
2017-10-08 09:30:55 +0800, HTU21D, 29.752939, 106.147873
2017-10-08 09:31:25 +0800, HTU21D, 29.740070, 106.272598
2017-10-08 09:31:56 +0800, HTU21D, 29.780823, 106.756310
2017-10-08 09:32:26 +0800, HTU21D, 29.825871, 106.595215
2017-10-08 09:32:56 +0800, HTU21D, 29.870914, 106.026718
2017-10-08 09:33:27 +0800, HTU21D, 29.911671, 105.517090
2017-10-08 09:33:57 +0800, HTU21D, 29.928829, 105.415894
2017-10-08 09:34:28 +0800, HTU21D, 29.948135, 105.389809
2017-10-08 09:34:58 +0800, HTU21D, 29.963150, 105.369164
2017-10-08 09:35:29 +0800, HTU21D, 29.971729, 105.696999
2017-10-08 09:35:59 +0800, HTU21D, 29.978165, 106.146568
2017-10-08 09:36:30 +0800, HTU21D, 29.984600, 106.043762
2017-10-08 09:37:00 +0800, HTU21D, 29.997471, 105.992294
2017-10-08 09:37:30 +0800, HTU21D, 30.027500, 105.558876
2017-10-08 09:38:01 +0800, HTU21D, 30.012486, 105.326218
2017-10-08 09:38:31 +0800, HTU21D, 30.006048, 105.908127
2017-10-08 09:39:02 +0800, HTU21D, 30.029644, 106.044434
2017-10-08 09:39:32 +0800, HTU21D, 30.057531, 105.947899
2017-10-08 09:40:03 +0800, HTU21D, 30.068256, 105.624489
2017-10-08 09:40:33 +0800, HTU21D, 30.089706, 105.261497
2017-10-08 09:41:04 +0800, HTU21D, 30.046804, 105.564819
2017-10-08 09:41:34 +0800, HTU21D, 30.021067, 105.994308
2017-10-08 09:42:04 +0800, HTU21D, 30.025354, 106.165855
2017-10-08 09:42:35 +0800, HTU21D, 30.066113, 105.599754
2017-10-08 09:43:05 +0800, HTU21D, 30.111155, 105.249466
2017-10-08 09:43:36 +0800, HTU21D, 30.115444, 105.804001
2017-10-08 09:44:06 +0800, HTU21D, 30.145477, 106.284569
2017-10-08 09:44:37 +0800, HTU21D, 30.151911, 105.412743
2017-10-08 09:45:07 +0800, HTU21D, 30.211971, 105.908493
2017-10-08 09:45:37 +0800, HTU21D, 30.252726, 105.725418
2017-10-08 09:46:08 +0800, HTU21D, 30.254871, 104.872765
2017-10-08 09:46:38 +0800, HTU21D, 30.246292, 104.493065
2017-10-08 09:47:09 +0800, HTU21D, 30.235565, 104.412109
2017-10-08 09:47:39 +0800, HTU21D, 30.216259, 104.813560
2017-10-08 09:48:10 +0800, HTU21D, 30.224842, 103.984779
2017-10-08 09:48:40 +0800, HTU21D, 30.192667, 105.840004
2017-10-08 09:49:11 +0800, HTU21D, 30.184086, 104.575279
2017-10-08 09:49:41 +0800, HTU21D, 30.162634, 104.382851
2017-10-08 09:50:11 +0800, HTU21D, 30.151911, 104.846642
2017-10-08 09:50:42 +0800, HTU21D, 30.151911, 104.605553
2017-10-08 09:51:12 +0800, HTU21D, 30.141186, 105.014404
2017-10-08 09:51:43 +0800, HTU21D, 30.091852, 105.339645
2017-10-08 09:52:13 +0800, HTU21D, 30.089703, 105.346962
2017-10-08 09:52:44 +0800, HTU21D, 30.104721, 104.908226
2017-10-08 09:53:14 +0800, HTU21D, 30.141186, 104.713806
2017-10-08 09:53:45 +0800, HTU21D, 30.156200, 104.452072
2017-10-08 09:54:15 +0800, HTU21D, 30.130459, 104.464989
2017-10-08 09:54:45 +0800, HTU21D, 30.091852, 105.090927
2017-10-08 09:55:16 +0800, HTU21D, 30.051096, 105.821815
2017-10-08 09:55:46 +0800, HTU21D, 30.068256, 105.041603
2017-10-08 09:56:17 +0800, HTU21D, 30.051096, 105.051247
2017-10-08 09:56:47 +0800, HTU21D, 30.044659, 105.096054
2017-10-08 09:57:18 +0800, HTU21D, 30.061819, 105.440414
2017-10-08 09:57:48 +0800, HTU21D, 30.068256, 105.612282
2017-10-08 09:58:18 +0800, HTU21D, 30.093994, 105.362869
2017-10-08 09:58:49 +0800, HTU21D, 30.111155, 105.197586
2017-10-08 09:59:19 +0800, HTU21D, 30.119736, 105.706985
2017-10-08 09:59:50 +0800, HTU21D, 30.147619, 105.799667
2017-10-08 10:00:20 +0800, HTU21D, 30.147619, 105.825607
2017-10-08 10:00:51 +0800, HTU21D, 30.149765, 105.923584
2017-10-08 10:01:21 +0800, HTU21D, 30.166925, 105.817825
2017-10-08 10:01:52 +0800, HTU21D, 30.147619, 105.924789
2017-10-08 10:02:22 +0800, HTU21D, 30.166925, 106.016197
2017-10-08 10:02:52 +0800, HTU21D, 30.192667, 105.566872
2017-10-08 10:03:23 +0800, HTU21D, 30.209827, 105.360390
2017-10-08 10:03:53 +0800, HTU21D, 30.218409, 105.047340
2017-10-08 10:04:24 +0800, HTU21D, 30.214117, 104.561478
2017-10-08 10:04:54 +0800, HTU21D, 30.194813, 105.080429
2017-10-08 10:05:25 +0800, HTU21D, 30.201248, 105.169899
2017-10-08 10:05:55 +0800, HTU21D, 30.218409, 104.812363
2017-10-08 10:06:26 +0800, HTU21D, 30.254871, 104.311241
2017-10-08 10:06:56 +0800, HTU21D, 30.263453, 104.127892
2017-10-08 10:07:26 +0800, HTU21D, 30.250584, 104.212936
2017-10-08 10:07:57 +0800, HTU21D, 30.218405, 104.821518
2017-10-08 10:08:27 +0800, HTU21D, 30.192667, 104.596413
2017-10-08 10:08:58 +0800, HTU21D, 30.162638, 105.063400
2017-10-08 10:09:28 +0800, HTU21D, 30.173361, 105.342712
2017-10-08 10:09:59 +0800, HTU21D, 30.272034, 105.156105
2017-10-08 10:10:29 +0800, HTU21D, 30.340673, 104.635391
2017-10-08 10:10:59 +0800, HTU21D, 30.329950, 104.324020
2017-10-08 10:11:30 +0800, HTU21D, 30.317078, 104.201553
2017-10-08 10:12:00 +0800, HTU21D, 30.319223, 103.779198
2017-10-08 10:12:31 +0800, HTU21D, 30.289194, 103.666359
2017-10-08 10:13:01 +0800, HTU21D, 30.274179, 104.292770
2017-10-08 10:13:32 +0800, HTU21D, 30.265598, 104.398300
2017-10-08 10:14:02 +0800, HTU21D, 30.261307, 104.199295
2017-10-08 10:14:32 +0800, HTU21D, 30.284903, 104.016678
2017-10-08 10:15:03 +0800, HTU21D, 30.312786, 103.677528
2017-10-08 10:15:33 +0800, HTU21D, 30.314932, 103.522217
2017-10-08 10:16:04 +0800, HTU21D, 30.304209, 103.892921
2017-10-08 10:16:34 +0800, HTU21D, 30.293484, 104.333817
2017-10-08 10:17:05 +0800, HTU21D, 30.312786, 104.884499
2017-10-08 10:17:35 +0800, HTU21D, 30.332092, 104.354874
2017-10-08 10:18:06 +0800, HTU21D, 30.304209, 104.581093
2017-10-08 10:18:36 +0800, HTU21D, 30.295628, 104.558449
2017-10-08 10:19:06 +0800, HTU21D, 30.269888, 104.565269
2017-10-08 10:19:37 +0800, HTU21D, 30.252728, 104.880081
2017-10-08 10:20:07 +0800, HTU21D, 30.274176, 104.214951
2017-10-08 10:20:38 +0800, HTU21D, 30.269888, 104.345535
2017-10-08 10:21:08 +0800, HTU21D, 30.250584, 104.527267
2017-10-08 10:21:39 +0800, HTU21D, 30.252726, 104.526077
2017-10-08 10:22:09 +0800, HTU21D, 30.282757, 104.132309
2017-10-08 10:22:39 +0800, HTU21D, 30.308498, 104.136185
2017-10-08 10:23:10 +0800, HTU21D, 30.306351, 103.887131
2017-10-08 10:23:40 +0800, HTU21D, 30.314932, 104.134094
2017-10-08 10:24:11 +0800, HTU21D, 30.304205, 104.106544
2017-10-08 10:24:41 +0800, HTU21D, 30.261307, 104.554825
2017-10-08 10:25:12 +0800, HTU21D, 30.222696, 104.936600
2017-10-08 10:25:42 +0800, HTU21D, 30.233423, 104.544533
2017-10-08 10:26:12 +0800, HTU21D, 30.229132, 104.601883
2017-10-08 10:26:43 +0800, HTU21D, 30.282757, 104.001099
2017-10-08 10:27:13 +0800, HTU21D, 30.317078, 103.934532
2017-10-08 10:27:44 +0800, HTU21D, 30.319223, 104.465843
2017-10-08 10:28:14 +0800, HTU21D, 30.317078, 104.729507
2017-10-08 10:28:45 +0800, HTU21D, 30.327801, 104.741798
2017-10-08 10:29:15 +0800, HTU21D, 30.299915, 105.024475
2017-10-08 10:29:45 +0800, HTU21D, 30.304209, 105.186867
2017-10-08 10:30:16 +0800, HTU21D, 30.329947, 105.021347
2017-10-08 10:30:46 +0800, HTU21D, 30.327801, 104.839455
2017-10-08 10:31:17 +0800, HTU21D, 30.329947, 104.868774
2017-10-08 10:31:47 +0800, HTU21D, 30.323513, 104.750305
2017-10-08 10:32:18 +0800, HTU21D, 30.321369, 104.795761
2017-10-08 10:32:48 +0800, HTU21D, 30.321369, 104.626389
2017-10-08 10:33:19 +0800, HTU21D, 30.295628, 104.691185
2017-10-08 10:33:49 +0800, HTU21D, 30.295628, 104.707985
2017-10-08 10:34:19 +0800, HTU21D, 30.325659, 104.385948
2017-10-08 10:34:50 +0800, HTU21D, 30.321369, 104.276962
2017-10-08 10:35:20 +0800, HTU21D, 30.306351, 104.398315
2017-10-08 10:35:51 +0800, HTU21D, 30.291340, 104.463196
2017-10-08 10:36:21 +0800, HTU21D, 30.304209, 104.384254
2017-10-08 10:36:52 +0800, HTU21D, 30.310642, 104.263145
2017-10-08 10:37:22 +0800, HTU21D, 30.312786, 104.152084
2017-10-08 10:37:52 +0800, HTU21D, 30.312786, 104.303139
2017-10-08 10:38:23 +0800, HTU21D, 30.293482, 104.500137
2017-10-08 10:38:53 +0800, HTU21D, 30.297771, 104.560287
2017-10-08 10:39:24 +0800, HTU21D, 30.329950, 104.273682
2017-10-08 10:39:54 +0800, HTU21D, 30.338528, 104.111694
2017-10-08 10:40:25 +0800, HTU21D, 30.342819, 104.605202
2017-10-08 10:40:55 +0800, HTU21D, 30.340673, 105.407486
2017-10-08 10:41:26 +0800, HTU21D, 30.362125, 105.723511
2017-10-08 10:41:56 +0800, HTU21D, 30.432907, 105.772263
2017-10-08 10:42:26 +0800, HTU21D, 30.454357, 104.150429
2017-10-08 10:42:57 +0800, HTU21D, 30.462940, 104.002174
2017-10-08 10:43:27 +0800, HTU21D, 30.422184, 104.325661
2017-10-08 10:43:58 +0800, HTU21D, 30.407169, 105.261818
2017-10-08 10:44:28 +0800, HTU21D, 30.415747, 104.173630
2017-10-08 10:44:59 +0800, HTU21D, 30.424328, 103.869736
2017-10-08 10:45:29 +0800, HTU21D, 30.426474, 103.760193
2017-10-08 10:45:59 +0800, HTU21D, 30.426474, 105.681274
2017-10-08 10:46:30 +0800, HTU21D, 30.441488, 104.647461
2017-10-08 10:47:00 +0800, HTU21D, 30.557322, 105.816872
2017-10-08 10:47:31 +0800, HTU21D, 30.655991, 104.093704
2017-10-08 10:48:01 +0800, HTU21D, 30.664570, 103.689110
2017-10-08 10:48:32 +0800, HTU21D, 30.673151, 103.458450
2017-10-08 10:49:02 +0800, HTU21D, 30.623814, 103.995804
2017-10-08 10:49:32 +0800, HTU21D, 30.572336, 104.961586
2017-10-08 10:50:03 +0800, HTU21D, 30.550884, 104.810349
2017-10-08 10:50:33 +0800, HTU21D, 30.568045, 105.070801
2017-10-08 10:51:04 +0800, HTU21D, 30.555176, 105.012413
2017-10-08 10:51:34 +0800, HTU21D, 30.540157, 105.358055
2017-10-08 10:52:05 +0800, HTU21D, 30.561611, 105.242264
2017-10-08 10:52:35 +0800, HTU21D, 30.578770, 105.310448
2017-10-08 10:53:05 +0800, HTU21D, 30.568045, 105.624710
2017-10-08 10:53:36 +0800, HTU21D, 30.580914, 105.759377
2017-10-08 10:54:06 +0800, HTU21D, 30.625961, 105.770714
2017-10-08 10:54:37 +0800, HTU21D, 30.743937, 105.065140
2017-10-08 10:55:07 +0800, HTU21D, 30.797565, 104.043228
2017-10-08 10:55:38 +0800, HTU21D, 30.803997, 104.546204
2017-10-08 10:56:08 +0800, HTU21D, 30.827595, 104.261337
2017-10-08 10:56:39 +0800, HTU21D, 30.803997, 104.646912
2017-10-08 10:57:09 +0800, HTU21D, 30.857624, 104.139206
2017-10-08 10:57:39 +0800, HTU21D, 30.924118, 103.810425
2017-10-08 10:58:10 +0800, HTU21D, 31.009922, 104.332947
2017-10-08 10:58:40 +0800, HTU21D, 31.065689, 102.838318
2017-10-08 10:59:11 +0800, HTU21D, 31.123602, 101.829239
2017-10-08 10:59:41 +0800, HTU21D, 31.147198, 101.007286
2017-10-08 11:00:12 +0800, HTU21D, 31.132187, 101.760345
2017-10-08 11:00:42 +0800, HTU21D, 31.078562, 101.970497
2017-10-08 11:01:12 +0800, HTU21D, 31.005630, 103.419823
2017-10-08 11:01:43 +0800, HTU21D, 31.020645, 103.930199
2017-10-08 11:02:13 +0800, HTU21D, 30.960583, 103.588547
2017-10-08 11:02:44 +0800, HTU21D, 30.941278, 103.848099
2017-10-08 11:03:14 +0800, HTU21D, 30.969162, 103.570007
2017-10-08 11:03:45 +0800, HTU21D, 30.990612, 103.541176
2017-10-08 11:04:15 +0800, HTU21D, 31.018499, 102.861755
2017-10-08 11:04:46 +0800, HTU21D, 31.069981, 103.072426
2017-10-08 11:05:16 +0800, HTU21D, 31.091431, 102.773514
2017-10-08 11:05:46 +0800, HTU21D, 30.969162, 103.199203
2017-10-08 11:06:17 +0800, HTU21D, 30.810434, 104.283188
2017-10-08 11:06:47 +0800, HTU21D, 30.782547, 105.237259
2017-10-08 11:07:18 +0800, HTU21D, 30.801853, 104.751869
2017-10-08 11:07:48 +0800, HTU21D, 30.836172, 103.492065
2017-10-08 11:08:19 +0800, HTU21D, 30.846897, 102.977921
2017-10-08 11:08:49 +0800, HTU21D, 30.868351, 102.111389
2017-10-08 11:09:19 +0800, HTU21D, 30.885508, 102.692276
2017-10-08 11:09:50 +0800, HTU21D, 30.846897, 103.496719
2017-10-08 11:10:20 +0800, HTU21D, 30.793274, 104.002907
2017-10-08 11:10:51 +0800, HTU21D, 30.713907, 104.607445
2017-10-08 11:11:21 +0800, HTU21D, 30.683878, 105.457436
2017-10-08 11:11:52 +0800, HTU21D, 30.705326, 105.808556
2017-10-08 11:12:22 +0800, HTU21D, 30.737499, 105.911049
2017-10-08 11:12:53 +0800, HTU21D, 30.726776, 105.422684
2017-10-08 11:13:23 +0800, HTU21D, 30.696747, 105.344933
2017-10-08 11:13:53 +0800, HTU21D, 30.724630, 104.686874
2017-10-08 11:14:24 +0800, HTU21D, 30.752518, 103.874718
2017-10-08 11:14:54 +0800, HTU21D, 30.780405, 104.452621
2017-10-08 11:15:25 +0800, HTU21D, 30.851187, 104.487656
2017-10-08 11:15:55 +0800, HTU21D, 30.844751, 104.707962
2017-10-08 11:16:26 +0800, HTU21D, 30.821157, 104.649475
2017-10-08 11:16:56 +0800, HTU21D, 30.810434, 105.577133
2017-10-08 11:17:26 +0800, HTU21D, 30.788980, 104.989502
2017-10-08 11:17:57 +0800, HTU21D, 30.761097, 105.461388
2017-10-08 11:18:27 +0800, HTU21D, 30.748226, 105.685287
2017-10-08 11:18:58 +0800, HTU21D, 30.776112, 105.585716
2017-10-08 11:19:28 +0800, HTU21D, 30.793274, 105.382301
2017-10-08 11:19:59 +0800, HTU21D, 30.876926, 105.013382
2017-10-08 11:20:29 +0800, HTU21D, 30.956293, 102.864639
2017-10-08 11:21:00 +0800, HTU21D, 30.956293, 102.959244
2017-10-08 11:21:30 +0800, HTU21D, 30.949860, 103.055931
2017-10-08 11:22:00 +0800, HTU21D, 30.917683, 103.527176
2017-10-08 11:22:31 +0800, HTU21D, 30.821157, 103.914001
2017-10-08 11:23:01 +0800, HTU21D, 30.716053, 105.189133
2017-10-08 11:23:32 +0800, HTU21D, 30.731068, 105.131874
2017-10-08 11:24:02 +0800, HTU21D, 30.713907, 105.201012
2017-10-08 11:24:33 +0800, HTU21D, 30.696747, 107.162254
2017-10-08 11:25:03 +0800, HTU21D, 30.666714, 106.921242
2017-10-08 11:25:33 +0800, HTU21D, 30.649555, 106.994957
2017-10-08 11:26:04 +0800, HTU21D, 30.630249, 106.944763
2017-10-08 11:26:34 +0800, HTU21D, 30.604511, 106.930214
2017-10-08 11:27:05 +0800, HTU21D, 30.583059, 106.946838
2017-10-08 11:27:35 +0800, HTU21D, 30.574478, 107.009628
2017-10-08 11:28:06 +0800, HTU21D, 30.583059, 106.939209
2017-10-08 11:28:36 +0800, HTU21D, 30.606655, 106.652817
2017-10-08 11:29:06 +0800, HTU21D, 30.632395, 106.345413
2017-10-08 11:29:37 +0800, HTU21D, 30.638830, 106.332642
2017-10-08 11:30:07 +0800, HTU21D, 30.638830, 106.274658
2017-10-08 11:30:38 +0800, HTU21D, 30.638830, 106.233459
2017-10-08 11:31:08 +0800, HTU21D, 30.632397, 106.372879
2017-10-08 11:31:39 +0800, HTU21D, 30.623816, 106.450928
2017-10-08 11:32:09 +0800, HTU21D, 30.593786, 106.695145
2017-10-08 11:32:40 +0800, HTU21D, 30.583059, 106.814087
2017-10-08 11:33:10 +0800, HTU21D, 30.610943, 106.616844
2017-10-08 11:33:40 +0800, HTU21D, 30.638830, 106.308228
2017-10-08 11:34:11 +0800, HTU21D, 30.649555, 106.279320
2017-10-08 11:34:41 +0800, HTU21D, 30.651703, 106.323891
2017-10-08 11:35:12 +0800, HTU21D, 30.643118, 106.400429
2017-10-08 11:35:42 +0800, HTU21D, 30.655991, 106.231461
2017-10-08 11:36:13 +0800, HTU21D, 30.655991, 106.213150
2017-10-08 11:36:43 +0800, HTU21D, 30.643122, 106.318031
2017-10-08 11:37:13 +0800, HTU21D, 30.625961, 106.480247
2017-10-08 11:37:44 +0800, HTU21D, 30.630253, 106.557175
2017-10-08 11:38:14 +0800, HTU21D, 30.640976, 106.616776
2017-10-08 11:38:45 +0800, HTU21D, 30.666714, 106.432961
2017-10-08 11:39:15 +0800, HTU21D, 30.681732, 106.271935
2017-10-08 11:39:46 +0800, HTU21D, 30.666714, 106.358177
2017-10-08 11:40:16 +0800, HTU21D, 30.683874, 106.244797
2017-10-08 11:40:46 +0800, HTU21D, 30.653845, 106.437134
2017-10-08 11:41:17 +0800, HTU21D, 30.623816, 106.627930
2017-10-08 11:41:47 +0800, HTU21D, 30.617380, 106.730736
2017-10-08 11:42:18 +0800, HTU21D, 30.615238, 106.738037
2017-10-08 11:42:48 +0800, HTU21D, 30.615238, 106.754822
2017-10-08 11:43:19 +0800, HTU21D, 30.606655, 106.915268
2017-10-08 11:43:49 +0800, HTU21D, 30.628107, 106.448524
2017-10-08 11:44:19 +0800, HTU21D, 30.645267, 106.161179
2017-10-08 11:44:50 +0800, HTU21D, 30.613089, 106.330299
2017-10-08 11:45:20 +0800, HTU21D, 30.595928, 106.413185
2017-10-08 11:45:51 +0800, HTU21D, 30.570190, 106.597000
2017-10-08 11:46:21 +0800, HTU21D, 30.531580, 106.916222
2017-10-08 11:46:52 +0800, HTU21D, 30.503696, 107.035629
2017-10-08 11:47:22 +0800, HTU21D, 30.477955, 107.249977
2017-10-08 11:47:52 +0800, HTU21D, 30.467230, 107.379593
2017-10-08 11:48:23 +0800, HTU21D, 30.460794, 107.380150
2017-10-08 11:48:53 +0800, HTU21D, 30.456507, 107.425293
2017-10-08 11:49:24 +0800, HTU21D, 30.443634, 107.452347
2017-10-08 11:49:54 +0800, HTU21D, 30.435053, 107.553299
2017-10-08 11:50:25 +0800, HTU21D, 30.450068, 107.416687
2017-10-08 11:50:55 +0800, HTU21D, 30.432907, 107.411057
2017-10-08 11:51:26 +0800, HTU21D, 30.430761, 107.450417
2017-10-08 11:51:56 +0800, HTU21D, 30.447926, 107.353806
2017-10-08 11:52:26 +0800, HTU21D, 30.435053, 107.437332
2017-10-08 11:52:57 +0800, HTU21D, 30.428619, 107.508080
2017-10-08 11:53:27 +0800, HTU21D, 30.420038, 107.555626
2017-10-08 11:53:58 +0800, HTU21D, 30.411457, 107.638260
2017-10-08 11:54:28 +0800, HTU21D, 30.407169, 107.677284
2017-10-08 11:54:59 +0800, HTU21D, 30.409313, 107.785934
2017-10-08 11:55:29 +0800, HTU21D, 30.402878, 107.844482
2017-10-08 11:55:59 +0800, HTU21D, 30.407169, 107.675758
2017-10-08 11:56:30 +0800, HTU21D, 30.415747, 107.590073
2017-10-08 11:57:00 +0800, HTU21D, 30.417892, 107.883362
2017-10-08 11:57:31 +0800, HTU21D, 30.424328, 108.355820
2017-10-08 11:58:01 +0800, HTU21D, 30.437199, 108.363853
2017-10-08 11:58:32 +0800, HTU21D, 30.467230, 108.670486
2017-10-08 11:59:02 +0800, HTU21D, 30.520855, 108.379456
2017-10-08 11:59:32 +0800, HTU21D, 30.553030, 107.639648
2017-10-08 12:00:03 +0800, HTU21D, 30.602367, 106.606407
2017-10-08 12:00:33 +0800, HTU21D, 30.651699, 106.152992
2017-10-08 12:01:04 +0800, HTU21D, 30.668859, 106.073166
2017-10-08 12:01:34 +0800, HTU21D, 30.686024, 106.019287
2017-10-08 12:02:05 +0800, HTU21D, 30.728922, 105.693077
2017-10-08 12:02:35 +0800, HTU21D, 30.763241, 105.438828
2017-10-08 12:03:06 +0800, HTU21D, 30.765387, 105.500183
2017-10-08 12:03:36 +0800, HTU21D, 30.756805, 105.465332
2017-10-08 12:04:06 +0800, HTU21D, 30.786839, 105.289772
2017-10-08 12:04:37 +0800, HTU21D, 30.812576, 105.054077
2017-10-08 12:05:07 +0800, HTU21D, 30.814722, 105.092545
2017-10-08 12:05:38 +0800, HTU21D, 30.831882, 104.937950
2017-10-08 12:06:08 +0800, HTU21D, 30.834026, 104.926071
2017-10-08 12:06:39 +0800, HTU21D, 30.823299, 104.964134
2017-10-08 12:07:09 +0800, HTU21D, 30.838314, 104.934341
2017-10-08 12:07:39 +0800, HTU21D, 30.823303, 105.060265
2017-10-08 12:08:10 +0800, HTU21D, 30.819012, 105.064194
2017-10-08 12:08:40 +0800, HTU21D, 30.831882, 105.060020
2017-10-08 12:09:11 +0800, HTU21D, 30.823303, 105.124352
2017-10-08 12:09:41 +0800, HTU21D, 30.814722, 105.098656
2017-10-08 12:10:12 +0800, HTU21D, 30.808289, 105.138878
2017-10-08 12:10:42 +0800, HTU21D, 30.827595, 104.920532
2017-10-08 12:11:12 +0800, HTU21D, 30.831882, 104.855553
2017-10-08 12:11:43 +0800, HTU21D, 30.853333, 104.709229
2017-10-08 12:12:13 +0800, HTU21D, 30.879074, 104.552879
2017-10-08 12:12:44 +0800, HTU21D, 30.874783, 104.553757
2017-10-08 12:13:14 +0800, HTU21D, 30.855478, 104.744652
2017-10-08 12:13:45 +0800, HTU21D, 30.849041, 104.765053
2017-10-08 12:14:15 +0800, HTU21D, 30.851187, 104.795883
2017-10-08 12:14:46 +0800, HTU21D, 30.853333, 104.695511
2017-10-08 12:15:16 +0800, HTU21D, 30.876928, 104.462540
2017-10-08 12:15:46 +0800, HTU21D, 30.883366, 104.393311
2017-10-08 12:16:17 +0800, HTU21D, 30.872639, 104.467995
2017-10-08 12:16:47 +0800, HTU21D, 30.851187, 104.553268
2017-10-08 12:17:18 +0800, HTU21D, 30.831882, 104.716698
2017-10-08 12:17:48 +0800, HTU21D, 30.816868, 104.876198
2017-10-08 12:18:19 +0800, HTU21D, 30.803997, 104.971924
2017-10-08 12:18:49 +0800, HTU21D, 30.788982, 105.056641
2017-10-08 12:19:19 +0800, HTU21D, 30.771824, 105.264633
2017-10-08 12:19:50 +0800, HTU21D, 30.763241, 105.350327
2017-10-08 12:20:20 +0800, HTU21D, 30.724634, 105.649704
2017-10-08 12:20:51 +0800, HTU21D, 30.718195, 105.775391
2017-10-08 12:21:21 +0800, HTU21D, 30.722485, 105.670753
2017-10-08 12:21:52 +0800, HTU21D, 30.739649, 105.564980
2017-10-08 12:22:22 +0800, HTU21D, 30.756809, 105.389023
2017-10-08 12:22:52 +0800, HTU21D, 30.782547, 105.106033
2017-10-08 12:23:23 +0800, HTU21D, 30.776112, 105.240868
2017-10-08 12:23:53 +0800, HTU21D, 30.776114, 105.198143
2017-10-08 12:24:24 +0800, HTU21D, 30.784693, 105.028526
2017-10-08 12:24:54 +0800, HTU21D, 30.786839, 105.019699
2017-10-08 12:25:25 +0800, HTU21D, 30.782547, 105.046524
2017-10-08 12:25:55 +0800, HTU21D, 30.793270, 104.979469
2017-10-08 12:26:25 +0800, HTU21D, 30.799707, 104.861412
2017-10-08 12:26:56 +0800, HTU21D, 30.788982, 104.841492
2017-10-08 12:27:26 +0800, HTU21D, 30.786839, 104.952553
2017-10-08 12:27:57 +0800, HTU21D, 30.791128, 104.924210
2017-10-08 12:28:27 +0800, HTU21D, 30.808285, 104.830650
2017-10-08 12:28:58 +0800, HTU21D, 30.808289, 104.800133
2017-10-08 12:29:28 +0800, HTU21D, 30.767532, 105.094620
2017-10-08 12:29:59 +0800, HTU21D, 30.767532, 105.181602
2017-10-08 12:30:29 +0800, HTU21D, 30.776114, 104.995201
2017-10-08 12:30:59 +0800, HTU21D, 30.782547, 104.953445
2017-10-08 12:31:30 +0800, HTU21D, 30.788980, 104.800293
2017-10-08 12:32:00 +0800, HTU21D, 30.803997, 104.617920
2017-10-08 12:32:31 +0800, HTU21D, 30.829737, 104.383743
2017-10-08 12:33:01 +0800, HTU21D, 30.846897, 104.293236
2017-10-08 12:33:32 +0800, HTU21D, 30.853333, 104.236221
2017-10-08 12:34:02 +0800, HTU21D, 30.866205, 104.129807
2017-10-08 12:34:32 +0800, HTU21D, 30.868347, 104.133179
2017-10-08 12:35:03 +0800, HTU21D, 30.872639, 104.135353
2017-10-08 12:35:33 +0800, HTU21D, 30.861914, 104.165787
2017-10-08 12:36:04 +0800, HTU21D, 30.846897, 104.337486
2017-10-08 12:36:34 +0800, HTU21D, 30.836172, 104.367920
2017-10-08 12:37:05 +0800, HTU21D, 30.853333, 104.198074
2017-10-08 12:37:35 +0800, HTU21D, 30.864056, 104.103539
2017-10-08 12:38:06 +0800, HTU21D, 30.876928, 103.913223
2017-10-08 12:38:36 +0800, HTU21D, 30.870493, 104.066360
2017-10-08 12:39:06 +0800, HTU21D, 30.857624, 104.108681
2017-10-08 12:39:37 +0800, HTU21D, 30.866205, 104.090134
2017-10-08 12:40:07 +0800, HTU21D, 30.859766, 104.081543
2017-10-08 12:40:38 +0800, HTU21D, 30.857624, 104.152931
2017-10-08 12:41:08 +0800, HTU21D, 30.855478, 104.134300
2017-10-08 12:41:39 +0800, HTU21D, 30.864056, 104.085243
2017-10-08 12:42:09 +0800, HTU21D, 30.868347, 104.006546
2017-10-08 12:42:40 +0800, HTU21D, 30.866201, 104.030624
2017-10-08 12:43:10 +0800, HTU21D, 30.842606, 104.176620
2017-10-08 12:43:40 +0800, HTU21D, 30.821157, 104.380920
2017-10-08 12:44:11 +0800, HTU21D, 30.778255, 104.649147
2017-10-08 12:44:41 +0800, HTU21D, 30.756809, 104.925171
2017-10-08 12:45:12 +0800, HTU21D, 30.776114, 104.783104
2017-10-08 12:45:42 +0800, HTU21D, 30.801853, 104.535202
2017-10-08 12:46:13 +0800, HTU21D, 30.793274, 104.623940
2017-10-08 12:46:43 +0800, HTU21D, 30.769678, 104.757713
2017-10-08 12:47:13 +0800, HTU21D, 30.773968, 104.694275
2017-10-08 12:47:44 +0800, HTU21D, 30.795416, 104.547958
2017-10-08 12:48:14 +0800, HTU21D, 30.821157, 104.342789
2017-10-08 12:48:45 +0800, HTU21D, 30.829737, 104.228104
2017-10-08 12:49:15 +0800, HTU21D, 30.840460, 104.183922
2017-10-08 12:49:46 +0800, HTU21D, 30.829739, 104.238785
2017-10-08 12:50:16 +0800, HTU21D, 30.831882, 104.226891
2017-10-08 12:50:46 +0800, HTU21D, 30.808289, 104.272179
2017-10-08 12:51:17 +0800, HTU21D, 30.825449, 104.167946
2017-10-08 12:51:47 +0800, HTU21D, 30.823303, 104.121849
2017-10-08 12:52:18 +0800, HTU21D, 30.831882, 104.118553
2017-10-08 12:52:48 +0800, HTU21D, 30.844753, 103.943481
2017-10-08 12:53:19 +0800, HTU21D, 30.851187, 103.933762
2017-10-08 12:53:49 +0800, HTU21D, 30.842609, 103.979782
2017-10-08 12:54:20 +0800, HTU21D, 30.851187, 103.965805
2017-10-08 12:54:50 +0800, HTU21D, 30.829737, 103.987015
2017-10-08 12:55:20 +0800, HTU21D, 30.803997, 104.196777
2017-10-08 12:55:51 +0800, HTU21D, 30.791128, 104.310814
2017-10-08 12:56:21 +0800, HTU21D, 30.780401, 104.336670
2017-10-08 12:56:52 +0800, HTU21D, 30.711761, 104.858902
2017-10-08 12:57:22 +0800, HTU21D, 30.703180, 105.039185
2017-10-08 12:57:53 +0800, HTU21D, 30.735357, 104.888390
2017-10-08 12:58:23 +0800, HTU21D, 30.748226, 104.719406
2017-10-08 12:58:54 +0800, HTU21D, 30.769678, 104.634117
2017-10-08 12:59:24 +0800, HTU21D, 30.782547, 104.491104
2017-10-08 12:59:54 +0800, HTU21D, 30.821157, 104.078796
2017-10-08 13:00:25 +0800, HTU21D, 30.885508, 103.659683
2017-10-08 13:00:55 +0800, HTU21D, 30.915537, 103.288818
2017-10-08 13:01:26 +0800, HTU21D, 30.960583, 102.955299
2017-10-08 13:01:56 +0800, HTU21D, 30.992758, 102.554245
2017-10-08 13:02:27 +0800, HTU21D, 30.997051, 102.600670
2017-10-08 13:02:57 +0800, HTU21D, 30.994904, 102.623245
2017-10-08 13:03:27 +0800, HTU21D, 30.977743, 102.736633
2017-10-08 13:03:58 +0800, HTU21D, 30.984180, 102.728439
2017-10-08 13:04:28 +0800, HTU21D, 30.992758, 102.630539
2017-10-08 13:04:59 +0800, HTU21D, 31.005630, 102.493614
2017-10-08 13:05:29 +0800, HTU21D, 30.994904, 102.559158
2017-10-08 13:06:00 +0800, HTU21D, 31.001339, 102.525024
2017-10-08 13:06:30 +0800, HTU21D, 30.984177, 102.581955
2017-10-08 13:07:00 +0800, HTU21D, 30.954147, 102.849060
2017-10-08 13:07:31 +0800, HTU21D, 30.932697, 103.038101
2017-10-08 13:08:01 +0800, HTU21D, 30.932697, 103.045731
2017-10-08 13:08:32 +0800, HTU21D, 30.924118, 103.097855
2017-10-08 13:09:02 +0800, HTU21D, 30.921972, 103.089890
2017-10-08 13:09:33 +0800, HTU21D, 30.885508, 103.232437
2017-10-08 13:10:03 +0800, HTU21D, 30.797565, 103.777725
2017-10-08 13:10:33 +0800, HTU21D, 30.743937, 104.158768
2017-10-08 13:11:04 +0800, HTU21D, 30.707470, 104.415756
2017-10-08 13:11:34 +0800, HTU21D, 30.677441, 104.678268
2017-10-08 13:12:05 +0800, HTU21D, 30.705326, 104.667198
2017-10-08 13:12:35 +0800, HTU21D, 30.709616, 104.527466
2017-10-08 13:13:06 +0800, HTU21D, 30.701035, 104.631454
2017-10-08 13:13:36 +0800, HTU21D, 30.716053, 104.499435
2017-10-08 13:14:06 +0800, HTU21D, 30.705326, 104.470360
2017-10-08 13:14:37 +0800, HTU21D, 30.726776, 104.438477
2017-10-08 13:15:07 +0800, HTU21D, 30.737503, 104.446205
2017-10-08 13:15:38 +0800, HTU21D, 30.690311, 104.556602
2017-10-08 13:16:08 +0800, HTU21D, 30.623816, 104.972351
2017-10-08 13:16:39 +0800, HTU21D, 30.600220, 105.263306
2017-10-08 13:17:09 +0800, HTU21D, 30.615234, 105.331177
2017-10-08 13:17:40 +0800, HTU21D, 30.655991, 105.024490
2017-10-08 13:18:10 +0800, HTU21D, 30.679586, 104.860184
2017-10-08 13:18:40 +0800, HTU21D, 30.705326, 104.506981
2017-10-08 13:19:11 +0800, HTU21D, 30.739645, 104.269516
2017-10-08 13:19:41 +0800, HTU21D, 30.786839, 104.017197
2017-10-08 13:20:12 +0800, HTU21D, 30.881216, 103.279091
2017-10-08 13:20:42 +0800, HTU21D, 30.915539, 102.995850
2017-10-08 13:21:13 +0800, HTU21D, 30.913395, 102.997055
2017-10-08 13:21:43 +0800, HTU21D, 30.902668, 103.114464
2017-10-08 13:22:13 +0800, HTU21D, 30.872639, 103.239662
2017-10-08 13:22:44 +0800, HTU21D, 30.844751, 103.394165
2017-10-08 13:23:14 +0800, HTU21D, 30.857624, 103.345741
2017-10-08 13:23:45 +0800, HTU21D, 30.855478, 103.263023
2017-10-08 13:24:15 +0800, HTU21D, 30.851187, 103.265442
2017-10-08 13:24:46 +0800, HTU21D, 30.806141, 103.408218
2017-10-08 13:25:16 +0800, HTU21D, 30.743937, 103.859695
2017-10-08 13:25:46 +0800, HTU21D, 30.741791, 104.184402
2017-10-08 13:26:17 +0800, HTU21D, 30.758951, 104.083206
2017-10-08 13:26:47 +0800, HTU21D, 30.773968, 103.961868
2017-10-08 13:27:18 +0800, HTU21D, 30.823299, 103.596947
2017-10-08 13:27:48 +0800, HTU21D, 30.840464, 103.356911
2017-10-08 13:28:19 +0800, HTU21D, 30.853333, 103.288651
2017-10-08 13:28:49 +0800, HTU21D, 30.844751, 103.156143
2017-10-08 13:29:20 +0800, HTU21D, 30.827595, 103.257309
2017-10-08 13:29:50 +0800, HTU21D, 30.819012, 103.312485
2017-10-08 13:30:21 +0800, HTU21D, 30.825449, 103.144081
2017-10-08 13:30:51 +0800, HTU21D, 30.823299, 102.956078
2017-10-08 13:31:21 +0800, HTU21D, 30.825445, 102.953346
2017-10-08 13:31:52 +0800, HTU21D, 30.808289, 102.886696
2017-10-08 13:32:22 +0800, HTU21D, 30.819012, 102.647202
2017-10-08 13:32:53 +0800, HTU21D, 30.758953, 102.603104
2017-10-08 13:33:23 +0800, HTU21D, 30.683874, 103.066391
2017-10-08 13:33:54 +0800, HTU21D, 30.651699, 103.285866
2017-10-08 13:34:24 +0800, HTU21D, 30.690311, 103.114647
2017-10-08 13:34:54 +0800, HTU21D, 30.679585, 103.029129
2017-10-08 13:35:25 +0800, HTU21D, 30.660278, 103.302414
2017-10-08 13:35:55 +0800, HTU21D, 30.671005, 103.470337
2017-10-08 13:36:26 +0800, HTU21D, 30.694599, 103.385376
2017-10-08 13:36:56 +0800, HTU21D, 30.701035, 103.252075
2017-10-08 13:37:27 +0800, HTU21D, 30.701035, 103.355835
2017-10-08 13:37:57 +0800, HTU21D, 30.758951, 103.143265
2017-10-08 13:38:28 +0800, HTU21D, 30.793270, 102.860023
2017-10-08 13:38:58 +0800, HTU21D, 30.814722, 102.693863
2017-10-08 13:39:28 +0800, HTU21D, 30.821157, 102.624634
2017-10-08 13:39:59 +0800, HTU21D, 30.821157, 102.688721
2017-10-08 13:40:29 +0800, HTU21D, 30.838318, 102.570755
2017-10-08 13:41:00 +0800, HTU21D, 30.810431, 102.610825
2017-10-08 13:41:30 +0800, HTU21D, 30.739649, 102.993881
2017-10-08 13:42:01 +0800, HTU21D, 30.696747, 103.513878
2017-10-08 13:42:31 +0800, HTU21D, 30.726776, 103.455826
2017-10-08 13:43:01 +0800, HTU21D, 30.741791, 103.354309
2017-10-08 13:43:32 +0800, HTU21D, 30.724630, 103.376160
2017-10-08 13:44:02 +0800, HTU21D, 30.724634, 103.450928
2017-10-08 13:44:33 +0800, HTU21D, 30.761097, 103.210732
2017-10-08 13:45:03 +0800, HTU21D, 30.773968, 103.090591
2017-10-08 13:45:34 +0800, HTU21D, 30.788982, 103.056213
2017-10-08 13:46:04 +0800, HTU21D, 30.810431, 102.932785
2017-10-08 13:46:34 +0800, HTU21D, 30.829737, 102.685440
2017-10-08 13:47:05 +0800, HTU21D, 30.861914, 102.496475
2017-10-08 13:47:35 +0800, HTU21D, 30.894085, 102.228165
2017-10-08 13:48:06 +0800, HTU21D, 30.896235, 102.181183
2017-10-08 13:48:36 +0800, HTU21D, 30.872639, 102.287514
2017-10-08 13:49:06 +0800, HTU21D, 30.883362, 102.337944
2017-10-08 13:49:37 +0800, HTU21D, 30.885508, 102.245193
2017-10-08 13:50:02 +0800, HTU21D, 30.876928, 102.361404
2017-10-08 13:50:32 +0800, HTU21D, 30.887653, 102.247032
2017-10-08 13:51:03 +0800, HTU21D, 30.915537, 102.055901
2017-10-08 13:51:33 +0800, HTU21D, 30.949860, 101.931358
2017-10-08 13:52:04 +0800, HTU21D, 30.958439, 101.795311
2017-10-08 13:52:34 +0800, HTU21D, 30.984180, 101.663376
2017-10-08 13:53:04 +0800, HTU21D, 30.992758, 101.588364
2017-10-08 13:53:35 +0800, HTU21D, 31.016354, 101.478989
2017-10-08 13:54:05 +0800, HTU21D, 31.035660, 101.352180
2017-10-08 13:54:36 +0800, HTU21D, 31.054966, 101.234535
2017-10-08 13:55:06 +0800, HTU21D, 31.052820, 101.226585
2017-10-08 13:55:36 +0800, HTU21D, 31.061401, 101.127159
2017-10-08 13:56:07 +0800, HTU21D, 31.076416, 100.996666
2017-10-08 13:56:37 +0800, HTU21D, 31.087139, 100.909775
2017-10-08 13:57:08 +0800, HTU21D, 31.095718, 100.865288
2017-10-08 13:57:38 +0800, HTU21D, 31.097866, 100.874771
2017-10-08 13:58:09 +0800, HTU21D, 31.106445, 100.747879
2017-10-08 13:58:39 +0800, HTU21D, 31.080704, 100.930161
2017-10-08 13:59:09 +0800, HTU21D, 31.042093, 101.165474
2017-10-08 13:59:40 +0800, HTU21D, 31.027079, 101.183060
